Player,Pos,Age,Tm,G,GS,mp_per_g,fg_per_g,fga_per_g,fg_pct,fg3_per_g,fg3a_per_g,fg3_pct,fg2_per_g,fg2a_per_g,fg2_pct,efg_pct,ft_per_g,fta_per_g,ft_pct,orb_per_g,drb_per_g,trb_per_g,ast_per_g,stl_per_g,blk_per_g,tov_per_g,pf_per_g,pts_per_g
Steven Adams,C,26.0,OKC,49.0,49.0,27.0,4.4,7.6,0.583,0.0,0.1,0.333,4.4,7.6,0.585,0.584,1.8,3.0,0.588,3.3,6.0,9.3,2.6,0.7,1.1,1.5,2.0,10.7
Bam Adebayo,PF,22.0,MIA,54.0,54.0,34.5,6.2,10.7,0.579,0.0,0.2,0.091,6.2,10.5,0.588,0.58,3.4,5.1,0.6809999999999999,2.6,7.8,10.4,4.9,1.2,1.2,2.7,2.4,15.8
LaMarcus Aldridge,C,34.0,SAS,50.0,50.0,33.2,7.4,14.9,0.501,1.2,2.9,0.407,6.3,12.0,0.523,0.54,3.0,3.6,0.83,2.0,5.6,7.6,2.4,0.6,1.6,1.4,2.4,19.1
Nickeil Alexander-Walker,SG,21.0,NOP,41.0,0.0,12.2,1.9,5.5,0.339,1.0,2.9,0.342,0.9,2.7,0.336,0.4270000000000001,0.4,0.7,0.607,0.2,1.8,2.0,1.8,0.3,0.2,1.0,1.1,5.1
Grayson Allen,SG,24.0,MEM,30.0,0.0,16.6,2.6,5.9,0.449,1.1,3.0,0.363,1.5,2.8,0.541,0.5429999999999999,1.0,1.2,0.857,0.2,2.0,2.2,1.4,0.2,0.0,0.8,1.2,7.4
Jarrett Allen,C,21.0,BRK,53.0,49.0,26.6,4.3,6.7,0.6409999999999999,0.0,0.1,0.0,4.3,6.6,0.6509999999999999,0.6409999999999999,2.4,3.8,0.631,3.1,6.6,9.7,1.4,0.6,1.5,1.1,2.4,11.1
Kadeem Allen,SG,27.0,NYK,10.0,0.0,11.7,1.9,4.4,0.4320000000000001,0.5,1.6,0.313,1.4,2.8,0.5,0.489,0.7,1.1,0.636,0.2,0.7,0.9,2.1,0.5,0.2,0.8,0.7,5.0
Al-Farouq Aminu,PF,29.0,ORL,18.0,2.0,21.1,1.4,4.8,0.29100000000000004,0.5,2.0,0.25,0.9,2.8,0.32,0.343,1.1,1.6,0.655,1.3,3.5,4.8,1.2,1.0,0.4,0.9,1.5,4.3
Justin Anderson,SF,26.0,BRK,3.0,0.0,5.7,0.3,2.0,0.16699999999999998,0.0,1.0,0.0,0.3,1.0,0.333,0.16699999999999998,0.3,0.7,0.5,0.0,0.7,0.7,0.0,0.0,0.3,0.0,0.7,1.0
Kyle Anderson,PF,26.0,MEM,48.0,9.0,18.1,2.2,4.4,0.498,0.2,0.9,0.195,2.0,3.6,0.57,0.516,0.7,1.1,0.648,0.9,3.2,4.1,2.1,0.8,0.5,0.9,1.5,5.3
Giannis Antetokounmpo,PF,25.0,MIL,48.0,48.0,30.9,11.0,20.1,0.5489999999999999,1.5,4.9,0.313,9.5,15.2,0.625,0.5870000000000001,6.4,10.4,0.614,2.5,11.0,13.5,5.8,1.1,1.1,3.7,3.1,30.0
Thanasis Antetokounmpo,SF,27.0,MIL,15.0,1.0,4.1,0.9,1.5,0.565,0.0,0.2,0.0,0.9,1.3,0.65,0.565,0.3,0.6,0.444,0.4,0.1,0.5,0.4,0.1,0.1,0.3,0.6,2.0
Carmelo Anthony,PF,35.0,POR,40.0,40.0,32.5,5.8,13.9,0.414,1.4,3.9,0.35,4.4,10.0,0.439,0.463,2.2,2.6,0.8370000000000001,1.3,5.3,6.6,1.5,0.8,0.5,1.8,3.0,15.1
OG Anunoby,SF,22.0,TOR,54.0,53.0,29.1,4.1,8.2,0.499,1.3,3.4,0.3720000000000001,2.8,4.8,0.588,0.5760000000000001,0.8,1.2,0.662,1.1,4.3,5.4,1.5,1.2,0.6,1.2,2.4,10.2
Ryan Arcidiacono,PG,25.0,CHI,51.0,0.0,15.0,1.5,3.5,0.411,0.9,2.2,0.407,0.5,1.3,0.418,0.539,0.4,0.5,0.7140000000000001,0.3,1.4,1.7,1.5,0.4,0.1,0.6,1.6,4.2
Trevor Ariza,SF,34.0,TOT,43.0,11.0,26.5,2.4,5.7,0.4270000000000001,1.3,3.7,0.363,1.1,2.0,0.547,0.545,0.8,1.0,0.833,0.7,3.9,4.6,1.6,1.3,0.3,0.9,2.0,7.0
Trevor Ariza,SF,34.0,SAC,32.0,0.0,24.7,2.0,5.2,0.388,1.3,3.8,0.35200000000000004,0.7,1.3,0.488,0.518,0.7,0.8,0.778,0.7,3.9,4.6,1.6,1.1,0.2,0.9,2.0,6.0
Trevor Ariza,SF,34.0,POR,11.0,11.0,31.5,3.7,7.4,0.506,1.4,3.5,0.395,2.4,3.9,0.605,0.599,1.3,1.4,0.933,0.6,3.9,4.5,1.7,1.7,0.4,0.8,2.2,10.1
D.J. Augustin,PG,32.0,ORL,39.0,6.0,26.0,3.3,8.4,0.393,1.2,3.5,0.34600000000000003,2.1,4.9,0.426,0.465,2.9,3.3,0.877,0.4,2.1,2.4,4.7,0.7,0.0,1.4,1.1,10.7
Deandre Ayton,C,21.0,PHO,23.0,18.0,33.0,8.4,15.6,0.539,0.0,0.1,0.0,8.4,15.5,0.542,0.539,2.0,2.4,0.804,4.0,8.0,12.0,2.2,0.7,1.6,1.9,3.1,18.7
Dwayne Bacon,SG,24.0,CHO,39.0,11.0,17.6,2.2,6.3,0.348,0.5,1.7,0.284,1.7,4.5,0.373,0.387,0.9,1.4,0.66,0.4,2.2,2.6,1.3,0.6,0.1,0.9,1.3,5.7
Marvin Bagley,PF,20.0,SAC,13.0,6.0,25.7,6.0,12.8,0.467,0.3,1.7,0.182,5.7,11.2,0.51,0.479,1.9,2.4,0.8059999999999999,2.2,5.2,7.5,0.8,0.5,0.9,1.4,3.3,14.2
Lonzo Ball,PG,22.0,NOP,47.0,38.0,32.0,4.4,11.1,0.4,2.4,6.4,0.366,2.1,4.7,0.445,0.506,0.6,1.1,0.5660000000000001,1.1,4.9,6.1,6.7,1.3,0.5,3.0,2.0,11.9
Mo Bamba,C,21.0,ORL,50.0,0.0,14.9,2.2,4.7,0.468,0.6,1.7,0.337,1.6,3.0,0.5429999999999999,0.53,0.4,0.6,0.688,1.5,3.5,5.0,0.7,0.4,1.4,0.8,1.9,5.5
J.J. Barea,PG,35.0,DAL,17.0,4.0,15.5,3.4,7.5,0.453,1.4,2.9,0.46,2.1,4.6,0.449,0.5429999999999999,0.8,0.8,1.0,0.5,1.5,2.0,3.7,0.2,0.1,1.2,0.7,9.0
Harrison Barnes,PF,27.0,SAC,54.0,54.0,34.6,5.0,11.1,0.452,1.3,3.6,0.362,3.7,7.5,0.495,0.511,3.1,3.9,0.802,1.0,3.9,4.9,2.2,0.6,0.1,1.2,1.2,14.5
RJ Barrett,SG,19.0,NYK,45.0,44.0,30.5,4.9,12.7,0.388,1.1,3.4,0.318,3.8,9.3,0.413,0.43,2.8,4.5,0.611,1.0,4.1,5.1,2.4,1.0,0.4,2.1,2.3,13.6
Will Barton,SF,29.0,DEN,48.0,48.0,33.3,5.8,12.9,0.447,1.8,4.8,0.382,3.9,8.1,0.485,0.517,1.8,2.4,0.7609999999999999,1.5,5.0,6.5,3.7,1.1,0.5,1.4,2.0,15.1
Keita Bates-Diop,SF,24.0,TOT,39.0,0.0,17.1,2.3,5.3,0.428,0.8,2.4,0.33,1.5,2.9,0.509,0.502,1.3,1.8,0.71,0.5,2.3,2.9,0.8,0.4,0.5,0.4,1.0,6.6
Keita Bates-Diop,SF,24.0,MIN,37.0,0.0,17.5,2.4,5.6,0.422,0.8,2.5,0.33,1.5,3.0,0.5,0.498,1.2,1.8,0.708,0.6,2.4,3.0,0.8,0.5,0.5,0.4,1.0,6.8
Nicolas Batum,SF,31.0,CHO,22.0,3.0,23.0,1.3,3.7,0.34600000000000003,0.6,2.2,0.28600000000000003,0.6,1.5,0.438,0.4320000000000001,0.4,0.5,0.9,1.1,3.4,4.5,3.0,0.8,0.4,1.0,1.9,3.6
Aron Baynes,C,33.0,PHO,33.0,25.0,22.9,4.4,9.0,0.49,1.3,3.8,0.333,3.2,5.2,0.605,0.56,1.3,1.8,0.721,1.6,4.1,5.8,1.9,0.2,0.6,1.2,3.5,11.5
Kent Bazemore,SF-SG,30.0,TOT,54.0,21.0,24.7,2.7,7.6,0.353,1.2,3.7,0.328,1.4,3.8,0.377,0.434,1.5,1.9,0.777,0.4,3.6,4.0,1.3,1.0,0.6,1.3,2.8,8.0
Kent Bazemore,SF,30.0,POR,43.0,21.0,25.8,2.6,7.6,0.34700000000000003,1.3,4.0,0.327,1.3,3.6,0.368,0.433,1.3,1.7,0.8059999999999999,0.3,3.7,4.0,1.4,1.0,0.7,1.4,2.8,7.9
Kent Bazemore,SG,30.0,SAC,11.0,0.0,20.2,2.8,7.5,0.378,0.9,2.7,0.333,1.9,4.7,0.404,0.439,2.0,2.8,0.71,0.7,3.4,4.1,1.0,1.0,0.4,1.1,2.5,8.5
Darius Bazley,PF,19.0,OKC,53.0,8.0,17.2,1.7,4.3,0.383,0.6,1.9,0.3,1.1,2.5,0.446,0.448,0.6,0.9,0.6809999999999999,0.4,3.3,3.7,0.5,0.4,0.7,0.8,0.8,4.5
Bradley Beal,SG,26.0,WAS,46.0,46.0,35.5,10.0,22.0,0.454,2.5,7.9,0.322,7.4,14.1,0.528,0.512,6.6,7.9,0.843,1.0,3.4,4.4,6.2,1.0,0.4,3.2,2.2,29.1
Malik Beasley,SG,23.0,TOT,44.0,3.0,19.2,3.2,8.1,0.395,1.6,4.4,0.371,1.6,3.7,0.423,0.496,0.8,1.0,0.86,0.3,1.9,2.2,1.3,0.8,0.1,1.0,1.3,8.9
Malik Beasley,SG,23.0,DEN,41.0,0.0,18.2,2.9,7.3,0.389,1.4,3.9,0.36,1.4,3.4,0.421,0.485,0.8,0.9,0.868,0.2,1.7,1.9,1.2,0.8,0.1,0.9,1.2,7.9
Malik Beasley,SG,23.0,MIN,3.0,3.0,32.7,8.0,18.7,0.429,4.7,11.0,0.424,3.3,7.7,0.435,0.5539999999999999,1.3,1.7,0.8,1.3,5.3,6.7,3.0,0.7,0.0,2.3,2.7,22.0
Marco Belinelli,SG,33.0,SAS,47.0,0.0,15.1,1.9,5.1,0.371,1.0,2.8,0.34600000000000003,0.9,2.3,0.402,0.467,0.7,0.9,0.78,0.1,1.6,1.6,1.3,0.2,0.0,0.3,0.8,5.4
Jordan Bell,C,25.0,MIN,27.0,0.0,8.7,1.2,2.2,0.5329999999999999,0.1,0.3,0.222,1.1,1.9,0.588,0.55,0.6,1.1,0.586,1.0,1.9,2.9,0.5,0.1,0.4,0.7,0.6,3.1
DeAndre' Bembry,SG,25.0,ATL,43.0,4.0,21.3,2.4,5.3,0.456,0.3,1.5,0.231,2.1,3.8,0.546,0.489,0.6,1.1,0.542,0.8,2.7,3.5,1.9,1.3,0.4,1.4,2.0,5.8
Dragan Bender,SF,22.0,MIL,7.0,0.0,13.0,1.4,3.0,0.476,0.6,1.3,0.444,0.9,1.7,0.5,0.5710000000000001,0.3,0.4,0.667,0.0,2.9,2.9,1.3,0.0,0.7,0.7,2.3,3.7
Dāvis Bertāns,PF,27.0,WAS,44.0,4.0,29.3,4.8,11.1,0.436,3.5,8.4,0.424,1.3,2.7,0.475,0.596,1.8,2.0,0.867,0.7,3.9,4.6,1.8,0.7,0.7,1.0,2.5,15.0
Patrick Beverley,PG,31.0,LAC,40.0,40.0,28.0,3.1,7.3,0.43,1.6,4.4,0.364,1.5,2.9,0.53,0.54,0.6,1.0,0.632,1.3,4.5,5.8,4.0,1.2,0.6,1.4,3.2,8.5
Khem Birch,C,27.0,ORL,38.0,24.0,20.3,1.5,3.0,0.496,0.0,0.0,0.0,1.5,2.9,0.5,0.496,1.1,1.8,0.612,1.8,2.9,4.7,0.9,0.4,0.6,0.6,1.9,4.0
Goga Bitadze,C,20.0,IND,42.0,2.0,8.6,1.2,2.6,0.481,0.1,0.6,0.16,1.1,2.0,0.578,0.5,0.5,0.7,0.69,0.5,1.5,2.1,0.5,0.1,0.6,0.5,1.2,3.0
Nemanja Bjelica,PF,31.0,SAC,54.0,51.0,28.4,4.6,9.6,0.485,2.1,4.6,0.449,2.6,5.0,0.517,0.5920000000000001,1.0,1.1,0.852,1.7,4.7,6.4,2.8,0.9,0.6,1.5,3.1,12.3
Eric Bledsoe,PG,30.0,MIL,46.0,46.0,27.1,5.8,12.0,0.48,1.2,3.6,0.339,4.5,8.4,0.54,0.531,2.9,3.5,0.828,0.8,4.0,4.8,5.3,0.9,0.5,2.4,2.2,15.7
Bogdan Bogdanović,SG,27.0,SAC,43.0,10.0,28.2,5.2,12.2,0.429,2.6,7.1,0.366,2.6,5.1,0.518,0.536,1.3,1.9,0.6990000000000001,0.3,2.8,3.2,3.1,0.9,0.3,1.8,2.1,14.4
Bojan Bogdanović,SF,30.0,UTA,53.0,53.0,33.3,6.9,15.2,0.454,3.2,7.5,0.425,3.7,7.7,0.483,0.5589999999999999,3.9,4.4,0.897,0.6,3.5,4.1,2.1,0.6,0.1,2.5,1.8,21.0
Jonah Bolden,PF,24.0,TOT,5.0,0.0,8.0,0.8,1.8,0.444,0.0,0.4,0.0,0.8,1.4,0.5710000000000001,0.444,0.4,0.8,0.5,0.6,1.0,1.6,0.0,0.4,0.4,0.4,1.6,2.0
Jonah Bolden,PF,24.0,PHI,4.0,0.0,3.5,0.5,0.8,0.667,0.0,0.3,0.0,0.5,0.5,1.0,0.667,0.0,0.5,0.0,0.0,0.3,0.3,0.0,0.3,0.0,0.5,1.0,1.0
Jonah Bolden,PF,24.0,PHO,1.0,0.0,26.0,2.0,6.0,0.333,0.0,1.0,0.0,2.0,5.0,0.4,0.333,2.0,2.0,1.0,3.0,4.0,7.0,0.0,1.0,2.0,0.0,4.0,6.0
Isaac Bonga,SF,20.0,WAS,48.0,33.0,17.7,1.8,3.3,0.535,0.4,0.9,0.419,1.4,2.4,0.579,0.5920000000000001,0.9,1.2,0.789,1.1,2.2,3.3,1.1,0.7,0.4,0.7,2.4,4.8
Devin Booker,SG,23.0,PHO,52.0,52.0,35.9,8.9,17.9,0.496,1.9,5.4,0.358,7.0,12.5,0.556,0.55,6.7,7.3,0.92,0.5,3.7,4.2,6.3,0.8,0.3,3.9,3.0,26.4
Chris Boucher,PF,27.0,TOR,47.0,0.0,12.9,2.2,4.7,0.462,0.5,1.7,0.272,1.7,3.0,0.57,0.511,1.5,1.9,0.775,1.7,2.6,4.3,0.4,0.4,0.9,0.4,1.9,6.3
Ky Bowman,PG,22.0,GSW,40.0,12.0,21.9,2.8,6.9,0.4,0.8,2.4,0.326,2.0,4.5,0.439,0.456,0.7,0.9,0.8290000000000001,0.5,2.0,2.5,3.0,0.9,0.2,1.4,2.2,7.0
Avery Bradley,SG,29.0,LAL,39.0,34.0,23.4,3.5,7.6,0.459,1.1,3.1,0.37,2.4,4.5,0.52,0.534,0.4,0.5,0.8,0.4,1.8,2.2,1.2,0.8,0.1,0.9,2.3,8.5
Ignas Brazdeikis,SF,21.0,NYK,9.0,0.0,5.9,0.7,2.4,0.273,0.1,1.0,0.111,0.6,1.4,0.385,0.295,0.4,0.6,0.8,0.2,0.3,0.6,0.4,0.0,0.1,0.2,0.3,1.9
Mikal Bridges,SF,23.0,PHO,55.0,14.0,25.7,3.0,5.9,0.506,0.7,2.2,0.345,2.3,3.8,0.599,0.569,1.3,1.6,0.82,0.9,3.1,3.9,1.6,1.5,0.6,1.0,2.2,8.1
Miles Bridges,SF,21.0,CHO,54.0,53.0,30.7,5.0,11.3,0.441,1.6,4.6,0.341,3.4,6.7,0.508,0.51,1.5,1.9,0.7959999999999999,1.4,4.1,5.5,1.7,0.6,0.7,1.5,2.1,13.0
Oshae Brissett,SF,21.0,TOR,17.0,0.0,7.5,0.7,2.0,0.353,0.2,0.9,0.2,0.5,1.1,0.474,0.397,0.4,0.5,0.75,0.5,0.8,1.4,0.3,0.2,0.1,0.4,1.1,1.9
Ryan Broekhoff,SG,29.0,DAL,17.0,1.0,10.6,1.3,3.5,0.373,1.2,3.0,0.392,0.1,0.5,0.25,0.542,0.4,0.5,0.875,0.3,2.2,2.5,0.6,0.3,0.2,0.4,0.9,4.2
Malcolm Brogdon,PG,27.0,IND,41.0,41.0,30.8,6.1,13.9,0.438,1.4,4.2,0.324,4.7,9.6,0.489,0.488,3.1,3.4,0.906,0.8,3.9,4.7,7.3,0.7,0.2,2.5,1.9,16.6
Dillon Brooks,SG,24.0,MEM,54.0,54.0,28.3,5.7,13.8,0.413,2.1,5.3,0.385,3.6,8.5,0.43,0.487,2.2,2.7,0.8340000000000001,1.0,2.4,3.4,2.0,0.9,0.4,1.6,3.7,15.7
Bruce Brown,SG,23.0,DET,54.0,42.0,27.9,3.3,7.5,0.44,0.6,1.6,0.337,2.8,5.9,0.469,0.477,1.6,2.1,0.73,1.0,3.5,4.5,3.9,1.1,0.5,1.8,2.8,8.7
Charlie Brown,SG,22.0,ATL,10.0,0.0,4.0,0.6,1.9,0.316,0.3,0.9,0.333,0.3,1.0,0.3,0.395,0.5,0.5,1.0,0.2,0.2,0.4,0.2,0.2,0.2,0.3,0.3,2.0
Jaylen Brown,SF,23.0,BOS,44.0,44.0,33.6,7.5,15.0,0.495,2.1,5.4,0.381,5.4,9.6,0.56,0.564,3.2,4.3,0.743,1.1,5.3,6.4,2.2,1.1,0.3,2.4,3.0,20.2
Sterling Brown,SF,24.0,MIL,37.0,0.0,15.0,1.9,4.9,0.387,0.8,2.5,0.337,1.1,2.4,0.438,0.472,0.7,0.9,0.7879999999999999,0.7,3.3,4.0,1.0,0.6,0.1,0.8,1.1,5.3
Troy Brown,SG,20.0,WAS,50.0,14.0,25.8,4.0,8.6,0.458,0.8,2.4,0.333,3.2,6.2,0.506,0.505,1.5,2.0,0.758,1.1,4.5,5.6,2.3,1.3,0.1,1.0,1.9,10.2
Jalen Brunson,PG,23.0,DAL,55.0,15.0,18.2,3.2,6.9,0.466,0.8,2.2,0.361,2.5,4.8,0.513,0.522,1.1,1.3,0.8240000000000001,0.4,2.0,2.4,3.3,0.4,0.1,1.2,1.3,8.4
Thomas Bryant,C,22.0,WAS,29.0,23.0,25.4,5.2,8.9,0.588,0.5,1.5,0.341,4.7,7.3,0.638,0.617,1.9,2.6,0.747,2.0,5.4,7.4,2.2,0.3,0.9,1.4,2.3,12.9
Reggie Bullock,SG,28.0,NYK,21.0,18.0,26.0,3.8,9.5,0.4,1.6,4.8,0.33,2.2,4.8,0.47,0.483,0.6,0.7,0.867,0.6,1.9,2.5,1.5,1.1,0.0,0.6,2.3,9.8
Trey Burke,PG,27.0,PHI,25.0,0.0,13.2,2.4,5.1,0.465,0.6,1.5,0.421,1.7,3.6,0.483,0.528,0.5,0.7,0.722,0.6,0.8,1.4,2.1,0.3,0.0,0.5,0.8,5.9
Alec Burks,SG,28.0,TOT,49.0,18.0,28.7,5.0,12.3,0.405,1.7,4.6,0.3720000000000001,3.3,7.7,0.425,0.474,4.1,4.6,0.897,0.8,3.9,4.6,3.1,1.0,0.3,1.6,2.2,15.8
Alec Burks,SG,28.0,GSW,48.0,18.0,29.0,5.1,12.5,0.406,1.8,4.7,0.375,3.3,7.9,0.424,0.476,4.2,4.7,0.897,0.8,3.9,4.7,3.1,1.0,0.4,1.6,2.2,16.1
Deonte Burton,SG,26.0,OKC,30.0,0.0,8.5,1.1,3.1,0.366,0.2,1.3,0.179,0.9,1.8,0.5,0.403,0.2,0.4,0.5,0.2,1.1,1.3,0.3,0.1,0.3,0.3,0.9,2.7
Jimmy Butler,SF,30.0,MIA,46.0,46.0,34.4,6.2,13.5,0.457,0.6,2.5,0.248,5.6,11.1,0.503,0.479,7.7,9.2,0.836,1.8,5.0,6.8,6.1,1.8,0.5,2.3,1.4,20.6
Bruno Caboclo,SF,24.0,MEM,22.0,0.0,8.7,1.3,3.1,0.406,0.2,1.1,0.16,1.1,2.0,0.545,0.435,0.1,0.1,0.667,0.8,1.2,2.0,0.5,0.5,0.5,0.3,1.0,2.8
Kentavious Caldwell-Pope,SG,26.0,LAL,53.0,20.0,25.3,3.4,7.2,0.47,1.4,3.5,0.415,2.0,3.8,0.52,0.569,1.3,1.6,0.8190000000000001,0.6,1.5,2.1,1.7,0.8,0.2,0.8,1.8,9.5
Vlatko Čančar,SF,22.0,DEN,11.0,0.0,3.5,0.5,1.0,0.455,0.1,0.5,0.2,0.4,0.5,0.667,0.5,0.4,0.4,1.0,0.3,0.5,0.7,0.3,0.1,0.1,0.3,0.5,1.4
DeMarre Carroll,SF,33.0,SAS,15.0,0.0,9.0,0.6,1.9,0.31,0.2,0.9,0.231,0.4,1.1,0.375,0.362,0.8,1.3,0.6,0.5,1.6,2.1,0.7,0.1,0.1,0.7,1.3,2.2
Jevon Carter,PG,24.0,PHO,40.0,2.0,14.5,1.6,3.8,0.408,0.9,2.1,0.422,0.7,1.7,0.391,0.523,0.3,0.4,0.813,0.5,1.4,1.9,1.4,0.8,0.3,0.7,1.4,4.3
Vince Carter,SF,43.0,ATL,49.0,0.0,15.3,1.9,5.3,0.354,1.0,3.6,0.293,0.8,1.8,0.477,0.452,0.5,0.6,0.7929999999999999,0.3,1.9,2.2,0.9,0.4,0.5,0.6,1.6,5.3
Wendell Carter,C,20.0,CHI,37.0,37.0,30.0,4.5,8.4,0.537,0.2,0.8,0.214,4.3,7.6,0.569,0.547,2.6,3.5,0.736,3.5,6.4,9.9,1.2,0.8,0.9,1.7,3.8,11.7
Michael Carter-Williams,SG,28.0,ORL,32.0,0.0,17.7,2.3,5.5,0.412,0.4,1.4,0.261,1.9,4.1,0.466,0.446,1.5,1.9,0.774,0.9,2.2,3.2,2.7,1.1,0.5,1.1,1.7,6.4
Alex Caruso,PG,25.0,LAL,50.0,0.0,18.2,1.9,4.5,0.42,0.7,1.9,0.362,1.2,2.6,0.462,0.496,1.0,1.3,0.785,0.2,1.7,1.9,1.7,1.0,0.3,0.8,1.6,5.5
Willie Cauley-Stein,C,26.0,TOT,50.0,39.0,21.0,3.3,5.8,0.574,0.0,0.0,0.0,3.3,5.8,0.5760000000000001,0.574,0.8,1.3,0.619,1.6,4.3,5.9,1.3,1.0,1.2,0.8,2.4,7.5
Willie Cauley-Stein,C,26.0,DAL,9.0,2.0,12.3,2.6,3.8,0.6759999999999999,0.0,0.1,0.0,2.6,3.7,0.6970000000000001,0.6759999999999999,0.4,0.7,0.667,1.0,3.6,4.6,0.8,0.4,0.9,0.4,1.8,5.6
Wilson Chandler,SF,32.0,BRK,25.0,0.0,20.7,2.3,5.3,0.429,1.0,3.3,0.301,1.3,2.0,0.64,0.523,0.7,0.8,0.895,0.3,4.0,4.4,1.2,0.6,0.3,1.1,2.2,6.2
Marquese Chriss,PF,22.0,GSW,50.0,12.0,19.2,3.3,6.2,0.536,0.2,0.7,0.229,3.1,5.5,0.575,0.5489999999999999,1.9,2.5,0.7559999999999999,1.9,3.8,5.7,1.7,0.6,1.1,1.3,2.0,8.7
Gary Clark,PF,25.0,TOT,30.0,0.0,12.3,1.2,3.1,0.387,0.9,2.7,0.338,0.3,0.4,0.6920000000000001,0.532,0.3,0.3,0.889,0.8,1.7,2.5,0.4,0.1,0.4,0.1,0.9,3.6
Gary Clark,PF,25.0,HOU,18.0,0.0,11.8,1.3,3.3,0.39,1.0,2.8,0.353,0.3,0.4,0.625,0.542,0.3,0.4,0.857,0.6,1.6,2.2,0.7,0.1,0.4,0.1,1.2,3.9
Gary Clark,PF,25.0,ORL,12.0,0.0,13.2,1.1,2.8,0.382,0.8,2.4,0.31,0.3,0.4,0.8,0.515,0.2,0.2,1.0,1.2,1.8,3.0,0.1,0.2,0.5,0.2,0.6,3.1
Brandon Clarke,PF,23.0,MEM,47.0,2.0,21.8,5.2,8.3,0.623,0.4,1.1,0.42,4.7,7.2,0.653,0.65,1.6,2.0,0.7929999999999999,1.4,4.3,5.7,1.4,0.5,0.8,0.9,1.7,12.3
Jordan Clarkson,SG,27.0,TOT,53.0,0.0,24.1,5.5,12.0,0.464,2.2,5.7,0.378,3.4,6.2,0.542,0.5539999999999999,2.1,2.5,0.838,0.7,1.9,2.5,2.1,0.6,0.3,1.2,1.4,15.3
Jordan Clarkson,SG,27.0,CLE,29.0,0.0,23.0,5.0,11.2,0.442,2.0,5.5,0.371,2.9,5.8,0.509,0.532,2.6,3.0,0.884,0.7,1.7,2.4,2.4,0.6,0.3,1.3,1.1,14.6
Jordan Clarkson,SG,27.0,UTA,24.0,0.0,25.5,6.3,12.8,0.487,2.3,6.0,0.386,3.9,6.8,0.5770000000000001,0.578,1.4,1.8,0.75,0.6,2.1,2.8,1.7,0.6,0.3,1.0,1.7,16.2
Nicolas Claxton,PF,20.0,BRK,14.0,0.0,13.1,1.9,3.3,0.565,0.1,0.5,0.14300000000000002,1.8,2.8,0.6409999999999999,0.5760000000000001,0.6,1.4,0.474,1.4,1.7,3.1,1.1,0.1,0.6,0.6,1.0,4.4
Chris Clemons,SG,22.0,HOU,28.0,0.0,8.8,1.8,4.4,0.403,1.2,3.3,0.355,0.6,1.1,0.5479999999999999,0.536,0.2,0.3,0.857,0.1,0.7,0.8,0.8,0.2,0.2,0.6,0.7,5.0
Antonius Cleveland,SG,25.0,DAL,6.0,0.0,3.7,0.3,1.0,0.333,0.0,0.2,0.0,0.3,0.8,0.4,0.333,0.2,0.3,0.5,0.0,0.5,0.5,0.0,0.2,0.2,0.2,0.3,0.8
Amir Coffey,SG,22.0,LAC,6.0,0.0,9.0,1.5,3.0,0.5,0.2,0.8,0.2,1.3,2.2,0.615,0.528,0.0,0.2,0.0,0.3,0.8,1.2,0.5,0.2,0.2,0.3,0.7,3.2
John Collins,PF,22.0,ATL,30.0,30.0,32.2,8.4,14.6,0.5720000000000001,1.3,3.6,0.355,7.1,11.1,0.642,0.615,2.6,3.2,0.8140000000000001,2.6,7.6,10.2,1.4,0.6,1.6,1.7,3.7,20.6
Zach Collins,PF,22.0,POR,3.0,3.0,28.7,3.0,6.3,0.474,1.0,2.3,0.429,2.0,4.0,0.5,0.5529999999999999,2.0,2.0,1.0,1.3,2.7,4.0,2.0,0.0,0.7,2.0,3.7,9.0
Mike Conley,PG,32.0,UTA,32.0,26.0,27.9,4.7,11.9,0.392,1.8,4.9,0.361,2.9,6.9,0.414,0.467,2.4,3.1,0.78,0.6,2.6,3.2,4.2,0.7,0.1,1.8,2.2,13.5
Pat Connaughton,SG,27.0,MIL,50.0,0.0,18.3,1.9,4.3,0.453,0.7,2.2,0.318,1.2,2.1,0.596,0.535,0.4,0.5,0.72,0.9,3.5,4.4,1.6,0.3,0.5,0.8,1.0,4.9
Quinn Cook,PG,26.0,LAL,34.0,0.0,11.4,2.1,4.7,0.444,0.7,1.8,0.383,1.4,2.9,0.48,0.516,0.2,0.3,0.667,0.2,0.9,1.1,1.1,0.3,0.0,0.7,0.6,5.0
Robert Covington,PF,29.0,TOT,52.0,50.0,29.6,4.5,10.3,0.433,2.3,6.6,0.34600000000000003,2.2,3.7,0.588,0.544,1.5,1.9,0.7979999999999999,0.8,5.2,6.0,1.2,1.7,1.0,1.5,3.2,12.8
Robert Covington,PF,29.0,MIN,48.0,47.0,29.4,4.5,10.3,0.435,2.3,6.5,0.34600000000000003,2.3,3.8,0.5870000000000001,0.544,1.6,2.0,0.7979999999999999,0.8,5.2,6.0,1.2,1.7,0.9,1.5,3.1,12.8
Robert Covington,PF,29.0,HOU,4.0,3.0,31.8,4.3,10.5,0.405,2.8,8.0,0.344,1.5,2.5,0.6,0.536,1.0,1.3,0.8,1.5,4.8,6.3,1.8,1.8,1.8,1.5,4.0,12.3
Allen Crabbe,SG,27.0,TOT,36.0,1.0,17.8,1.8,4.9,0.36,1.0,3.3,0.308,0.8,1.6,0.466,0.463,0.3,0.4,0.7140000000000001,0.3,1.8,2.1,0.9,0.4,0.1,0.4,1.3,4.8
Allen Crabbe,SG,27.0,ATL,28.0,1.0,18.6,1.9,5.1,0.364,1.1,3.3,0.32299999999999995,0.8,1.8,0.44,0.469,0.3,0.4,0.75,0.4,2.0,2.3,1.0,0.5,0.1,0.4,1.3,5.1
Allen Crabbe,SG,27.0,MIN,8.0,0.0,15.0,1.4,4.0,0.344,0.8,3.0,0.25,0.6,1.0,0.625,0.438,0.1,0.3,0.5,0.1,1.4,1.5,0.6,0.0,0.0,0.5,1.3,3.6
Torrey Craig,SF,29.0,DEN,42.0,19.0,18.1,1.9,4.2,0.451,0.7,2.2,0.319,1.2,2.0,0.595,0.534,0.5,0.7,0.645,1.0,2.4,3.4,0.7,0.4,0.7,0.5,2.3,4.9
Jae Crowder,SF,29.0,TOT,48.0,45.0,29.4,3.4,8.9,0.383,1.9,6.0,0.315,1.5,3.0,0.521,0.488,1.7,2.2,0.7979999999999999,0.9,5.3,6.2,2.7,1.1,0.3,1.2,1.9,10.4
Jae Crowder,SF,29.0,MEM,45.0,45.0,29.4,3.3,8.9,0.368,1.7,5.9,0.293,1.5,3.0,0.519,0.466,1.7,2.1,0.789,0.9,5.3,6.2,2.8,1.0,0.3,1.2,1.9,9.9
Jae Crowder,SF,29.0,MIA,3.0,0.0,30.3,5.7,9.7,0.586,4.0,6.7,0.6,1.7,3.0,0.556,0.7929999999999999,2.7,3.0,0.889,1.0,6.3,7.3,1.3,2.0,0.3,0.7,2.3,18.0
Jarrett Culver,SG,20.0,MIN,52.0,35.0,24.4,3.6,9.3,0.388,1.0,3.6,0.277,2.6,5.7,0.459,0.442,0.9,1.9,0.465,1.1,2.3,3.4,1.8,1.0,0.7,1.3,2.0,9.1
Seth Curry,SG,29.0,DAL,51.0,13.0,23.6,4.1,8.5,0.479,2.1,4.8,0.435,2.0,3.7,0.537,0.603,1.3,1.4,0.89,0.5,1.8,2.3,1.9,0.6,0.2,0.9,1.6,11.5
Stephen Curry,PG,31.0,GSW,4.0,4.0,28.0,6.8,16.5,0.409,2.3,9.3,0.243,4.5,7.3,0.621,0.477,4.5,4.5,1.0,1.0,4.0,5.0,6.5,1.3,0.5,3.8,2.5,20.3
Troy Daniels,SG,28.0,LAL,39.0,0.0,11.4,1.5,3.9,0.392,1.0,2.8,0.361,0.5,1.2,0.467,0.52,0.3,0.4,0.667,0.3,0.8,1.1,0.4,0.2,0.1,0.2,0.8,4.3
Anthony Davis,PF,26.0,LAL,46.0,46.0,34.7,9.3,17.9,0.519,1.1,3.4,0.316,8.2,14.6,0.5660000000000001,0.5479999999999999,7.0,8.2,0.853,2.1,7.2,9.2,3.3,1.6,2.4,2.4,2.4,26.6
Terence Davis,SG,22.0,TOR,55.0,2.0,17.3,2.9,6.1,0.475,1.5,3.5,0.419,1.5,2.7,0.5479999999999999,0.593,0.7,0.8,0.8809999999999999,0.8,2.7,3.5,1.7,0.5,0.2,1.0,1.7,7.9
Dewayne Dedmon,C,30.0,TOT,37.0,11.0,16.7,2.2,5.3,0.411,0.5,2.2,0.22,1.7,3.1,0.5479999999999999,0.457,0.7,0.8,0.8390000000000001,1.3,3.8,5.1,0.5,0.5,1.0,1.4,2.8,5.6
Dewayne Dedmon,C,30.0,SAC,34.0,10.0,15.9,2.0,5.0,0.404,0.4,2.1,0.197,1.6,2.9,0.55,0.444,0.7,0.8,0.821,1.4,3.6,4.9,0.4,0.4,0.8,1.4,2.7,5.1
Dewayne Dedmon,C,30.0,ATL,3.0,1.0,26.0,4.0,8.7,0.462,1.3,3.7,0.364,2.7,5.0,0.5329999999999999,0.5379999999999999,1.0,1.0,1.0,0.3,6.7,7.0,0.7,1.0,3.3,1.7,4.0,10.3
Matthew Dellavedova,PG,29.0,CLE,46.0,0.0,12.3,0.9,2.8,0.328,0.2,1.5,0.16399999999999998,0.7,1.3,0.508,0.371,0.5,0.6,0.893,0.3,0.9,1.1,2.6,0.3,0.0,0.9,1.3,2.6
DeMar DeRozan,SF,30.0,SAS,52.0,52.0,34.3,8.6,16.0,0.534,0.2,0.6,0.276,8.4,15.5,0.5429999999999999,0.5379999999999999,5.7,6.8,0.8440000000000001,0.6,5.0,5.7,5.2,1.1,0.2,2.5,2.8,23.0
Cheick Diallo,C,23.0,PHO,38.0,2.0,11.1,2.1,3.2,0.669,0.0,0.1,0.5,2.1,3.1,0.672,0.674,0.8,0.9,0.857,0.6,2.3,3.0,0.5,0.3,0.3,0.7,1.3,5.1
Hamidou Diallo,SF,21.0,OKC,32.0,2.0,18.9,2.7,6.0,0.451,0.2,0.9,0.172,2.6,5.1,0.5,0.464,0.8,1.2,0.667,0.8,2.6,3.4,0.6,0.8,0.2,1.0,2.1,6.4
Gorgui Dieng,C,30.0,TOT,47.0,17.0,16.8,2.7,6.0,0.449,1.0,2.6,0.382,1.7,3.4,0.5,0.532,1.0,1.3,0.797,1.6,3.9,5.5,1.3,0.8,0.9,1.0,1.9,7.4
Gorgui Dieng,C,30.0,MIN,46.0,17.0,16.9,2.7,6.0,0.448,1.0,2.6,0.383,1.7,3.4,0.4970000000000001,0.531,1.0,1.3,0.797,1.6,4.0,5.6,1.3,0.8,0.9,1.0,1.9,7.4
Spencer Dinwiddie,SG,26.0,BRK,53.0,38.0,31.2,6.8,16.4,0.417,1.9,6.2,0.309,4.9,10.2,0.482,0.475,5.3,6.9,0.775,0.5,3.0,3.5,6.6,0.7,0.3,2.7,2.8,21.0
Donte DiVincenzo,SG,23.0,MIL,49.0,20.0,22.9,3.5,7.7,0.456,1.3,3.7,0.344,2.2,4.0,0.5579999999999999,0.5379999999999999,0.9,1.2,0.7759999999999999,1.0,3.7,4.7,2.2,1.5,0.3,1.2,1.7,9.2
Luka Dončić,PG,20.0,DAL,44.0,44.0,32.8,9.5,20.4,0.465,2.9,9.1,0.32299999999999995,6.6,11.3,0.579,0.537,7.0,9.1,0.765,1.4,8.1,9.5,8.7,1.0,0.2,4.2,2.5,28.9
Luguentz Dort,SG,20.0,OKC,20.0,12.0,20.8,2.1,5.1,0.402,0.8,2.5,0.3,1.3,2.6,0.5,0.475,0.9,1.2,0.75,0.6,1.0,1.5,0.6,0.8,0.1,0.6,2.7,5.8
Damyean Dotson,SG,25.0,NYK,45.0,0.0,17.4,2.5,5.9,0.423,1.2,3.4,0.358,1.3,2.6,0.509,0.524,0.5,0.7,0.688,0.2,1.6,1.8,1.2,0.5,0.1,0.4,0.9,6.7
Sekou Doumbouya,SF,19.0,DET,29.0,17.0,19.7,2.5,6.4,0.395,0.8,2.6,0.307,1.7,3.8,0.455,0.457,0.9,1.3,0.711,0.6,2.8,3.3,0.4,0.6,0.2,1.1,2.1,6.8
PJ Dozier,PG,23.0,DEN,15.0,0.0,14.7,2.3,5.5,0.41,0.5,1.7,0.269,1.8,3.8,0.474,0.452,0.5,0.7,0.636,0.3,1.7,2.0,1.7,0.5,0.3,0.7,1.8,5.5
Goran Dragić,PG,33.0,MIA,43.0,1.0,28.3,5.5,12.2,0.447,2.2,5.8,0.384,3.2,6.4,0.504,0.5379999999999999,2.9,3.9,0.7490000000000001,0.4,2.5,3.0,5.0,0.6,0.2,2.5,1.9,16.1
Andre Drummond,C,26.0,TOT,51.0,50.0,33.4,7.3,13.8,0.528,0.1,0.5,0.12,7.3,13.4,0.5429999999999999,0.53,3.0,5.2,0.581,4.7,11.1,15.8,2.8,1.9,1.7,3.6,3.5,17.7
Andre Drummond,C,26.0,DET,49.0,48.0,33.8,7.3,13.9,0.53,0.0,0.4,0.048,7.3,13.4,0.546,0.531,3.0,5.2,0.584,4.6,11.2,15.8,2.8,2.0,1.7,3.6,3.6,17.8
Andre Drummond,C,26.0,CLE,2.0,2.0,25.5,6.5,13.5,0.481,1.0,2.0,0.5,5.5,11.5,0.478,0.519,2.5,5.0,0.5,6.0,8.5,14.5,2.0,1.0,1.5,4.5,1.5,16.5
Jared Dudley,SF,34.0,LAL,36.0,1.0,8.3,0.6,1.3,0.417,0.4,0.9,0.485,0.1,0.4,0.267,0.583,0.1,0.1,1.0,0.1,1.0,1.1,0.5,0.3,0.1,0.2,1.0,1.6
Kris Dunn,PG,25.0,CHI,51.0,32.0,24.9,3.0,6.7,0.444,0.6,2.2,0.259,2.4,4.5,0.535,0.487,0.8,1.1,0.741,0.5,3.2,3.6,3.4,2.0,0.3,1.3,3.1,7.3
Carsen Edwards,SG,21.0,BOS,33.0,0.0,9.0,1.0,3.1,0.32,0.6,1.9,0.306,0.4,1.2,0.341,0.413,0.3,0.4,0.846,0.2,1.1,1.2,0.7,0.3,0.1,0.5,0.8,2.9
Wayne Ellington,SG,32.0,NYK,28.0,1.0,15.3,1.7,4.8,0.358,1.3,3.8,0.34600000000000003,0.4,1.0,0.407,0.496,0.4,0.5,0.846,0.1,1.5,1.6,1.0,0.4,0.1,0.5,1.0,5.1
Joel Embiid,C,25.0,PHI,39.0,39.0,30.5,7.4,15.9,0.466,1.3,3.9,0.336,6.1,12.1,0.509,0.507,6.7,8.3,0.8059999999999999,2.7,9.3,11.9,3.2,0.8,1.4,3.0,3.5,22.9
James Ennis,SF,29.0,TOT,51.0,0.0,15.8,2.0,4.6,0.443,0.7,2.1,0.349,1.3,2.5,0.524,0.523,1.0,1.3,0.7759999999999999,1.0,2.1,3.1,0.8,0.5,0.3,0.6,1.7,5.8
James Ennis,SF,29.0,PHI,49.0,0.0,15.8,2.0,4.6,0.442,0.8,2.2,0.349,1.3,2.4,0.525,0.524,1.0,1.2,0.787,1.0,2.1,3.1,0.8,0.5,0.3,0.6,1.7,5.8
James Ennis,SF,29.0,ORL,2.0,0.0,15.0,2.0,4.5,0.444,0.5,1.5,0.333,1.5,3.0,0.5,0.5,2.0,3.0,0.667,1.5,1.5,3.0,0.5,0.0,0.0,1.0,1.0,6.5
Jacob Evans,SG,22.0,TOT,28.0,1.0,14.8,1.6,4.8,0.338,0.5,1.4,0.342,1.1,3.4,0.337,0.387,0.9,1.0,0.862,0.3,1.1,1.5,1.1,0.4,0.4,0.9,1.5,4.6
Jacob Evans,SG,22.0,GSW,27.0,1.0,15.3,1.7,4.9,0.338,0.5,1.4,0.342,1.2,3.5,0.337,0.387,0.9,1.1,0.862,0.3,1.2,1.5,1.1,0.4,0.4,0.9,1.5,4.7
Dante Exum,SG,24.0,TOT,32.0,1.0,13.4,1.5,3.4,0.454,0.3,1.1,0.306,1.2,2.3,0.528,0.505,0.8,1.1,0.722,0.3,1.5,1.8,1.2,0.4,0.2,0.9,1.1,4.2
Dante Exum,SG,24.0,UTA,11.0,0.0,7.5,0.9,2.1,0.435,0.2,0.5,0.333,0.7,1.5,0.471,0.478,0.2,0.2,1.0,0.3,0.8,1.1,0.6,0.1,0.2,0.9,0.7,2.2
Dante Exum,SG,24.0,CLE,21.0,1.0,16.5,1.9,4.0,0.459,0.4,1.4,0.3,1.4,2.6,0.545,0.512,1.1,1.6,0.706,0.3,1.9,2.1,1.5,0.6,0.1,0.9,1.2,5.3
Derrick Favors,C,28.0,NOP,36.0,34.0,23.9,4.3,6.9,0.623,0.0,0.1,0.2,4.3,6.7,0.632,0.626,0.9,1.5,0.604,3.2,6.7,9.9,1.8,0.6,1.0,1.3,2.3,9.5
Cristiano Felício,PF,27.0,CHI,15.0,0.0,17.8,1.6,2.6,0.615,0.0,0.1,0.0,1.6,2.5,0.649,0.615,0.9,1.2,0.778,2.5,2.2,4.7,0.7,0.4,0.1,0.8,1.7,4.1
Terrance Ferguson,SF,21.0,OKC,41.0,36.0,25.0,1.6,4.2,0.387,1.0,3.3,0.313,0.6,1.0,0.6409999999999999,0.509,0.2,0.3,0.769,0.5,1.1,1.6,1.0,0.6,0.3,0.6,3.1,4.5
Bruno Fernando,C,21.0,ATL,45.0,11.0,12.2,1.7,3.4,0.507,0.1,0.7,0.129,1.6,2.7,0.603,0.52,0.5,0.9,0.615,1.2,2.1,3.4,0.8,0.3,0.4,0.9,1.9,4.0
Yogi Ferrell,PG,26.0,SAC,42.0,0.0,11.1,1.6,3.9,0.409,0.5,1.6,0.28800000000000003,1.1,2.3,0.49,0.466,0.7,0.8,0.857,0.1,1.0,1.1,1.4,0.3,0.1,0.5,0.7,4.4
Dorian Finney-Smith,PF,26.0,DAL,55.0,52.0,29.7,3.3,7.3,0.461,1.6,4.2,0.382,1.7,3.0,0.5720000000000001,0.573,1.1,1.5,0.723,2.0,3.6,5.6,1.5,0.7,0.5,1.0,2.3,9.4
Bryn Forbes,SG,26.0,SAS,54.0,53.0,25.3,3.8,9.4,0.407,2.3,6.1,0.376,1.5,3.3,0.464,0.528,1.1,1.3,0.831,0.2,1.8,2.1,1.9,0.5,0.0,0.9,1.9,11.1
Evan Fournier,SG,27.0,ORL,54.0,54.0,31.7,6.6,14.2,0.462,2.7,6.5,0.408,3.9,7.7,0.507,0.555,2.9,3.4,0.828,0.2,2.4,2.7,3.2,1.1,0.2,2.0,2.5,18.7
De'Aaron Fox,PG,22.0,SAC,36.0,34.0,31.5,7.1,15.2,0.468,1.0,3.2,0.304,6.1,12.0,0.512,0.5,4.5,6.6,0.6809999999999999,0.7,3.5,4.2,7.0,1.5,0.6,3.3,2.9,19.7
Melvin Frazier,SG,23.0,ORL,14.0,0.0,3.4,0.4,1.2,0.353,0.3,0.5,0.5710000000000001,0.1,0.7,0.2,0.471,0.1,0.3,0.5,0.1,0.2,0.3,0.1,0.3,0.1,0.1,0.6,1.3
Michael Frazier,SG,25.0,HOU,7.0,0.0,8.6,0.4,1.3,0.333,0.3,1.0,0.28600000000000003,0.1,0.3,0.5,0.444,0.6,0.9,0.667,0.1,0.3,0.4,0.1,0.3,0.0,0.3,1.6,1.7
Tim Frazier,PG,29.0,DET,27.0,11.0,13.1,1.3,3.5,0.362,0.4,1.1,0.333,0.9,2.4,0.375,0.415,0.7,0.9,0.792,0.3,0.9,1.2,3.4,0.5,0.1,1.3,1.6,3.6
Markelle Fultz,PG,21.0,ORL,54.0,49.0,28.2,4.9,10.5,0.465,0.5,1.9,0.27,4.4,8.6,0.508,0.489,1.7,2.2,0.75,0.5,3.0,3.5,5.0,1.3,0.2,2.0,1.9,11.9
Wenyen Gabriel,PF,22.0,TOT,18.0,1.0,6.6,0.7,1.7,0.387,0.1,0.7,0.16699999999999998,0.6,1.1,0.526,0.419,0.4,0.7,0.583,0.4,0.7,1.1,0.2,0.3,0.2,0.4,0.9,1.8
Wenyen Gabriel,PF,22.0,SAC,11.0,0.0,5.5,0.5,1.5,0.353,0.1,0.7,0.125,0.5,0.8,0.556,0.382,0.5,0.9,0.6,0.4,0.5,0.9,0.3,0.3,0.2,0.5,0.6,1.7
Wenyen Gabriel,PF,22.0,POR,7.0,1.0,8.1,0.9,2.0,0.429,0.1,0.6,0.25,0.7,1.4,0.5,0.464,0.1,0.3,0.5,0.4,0.9,1.3,0.1,0.3,0.3,0.3,1.4,2.0
Danilo Gallinari,PF,31.0,OKC,47.0,47.0,30.7,6.0,13.5,0.443,3.0,7.3,0.407,3.0,6.2,0.486,0.5529999999999999,4.3,4.8,0.899,0.7,5.0,5.7,2.3,0.7,0.1,1.3,1.3,19.3
Langston Galloway,SG,28.0,DET,57.0,6.0,26.0,3.5,8.1,0.4320000000000001,2.0,5.0,0.395,1.5,3.1,0.491,0.5539999999999999,1.2,1.4,0.857,0.5,1.7,2.2,1.6,0.7,0.2,0.6,1.4,10.1
Darius Garland,PG,20.0,CLE,53.0,53.0,30.5,4.6,11.8,0.394,1.8,5.2,0.35200000000000004,2.8,6.6,0.426,0.47,1.1,1.3,0.87,0.4,1.5,1.9,3.8,0.7,0.0,2.6,1.6,12.2
Marc Gasol,C,35.0,TOR,35.0,35.0,27.8,2.8,6.6,0.424,1.4,3.5,0.403,1.4,3.1,0.449,0.532,0.7,1.0,0.722,0.8,5.6,6.5,3.5,0.8,0.9,1.2,2.9,7.8
Rudy Gay,PF,33.0,SAS,51.0,5.0,21.0,3.5,7.9,0.439,0.9,3.0,0.318,2.5,4.9,0.512,0.499,1.6,1.9,0.866,0.8,4.5,5.3,1.7,0.4,0.5,1.4,1.4,9.5
Paul George,SF,29.0,LAC,34.0,34.0,29.4,7.1,16.8,0.426,3.3,8.3,0.394,3.9,8.5,0.458,0.524,4.2,4.6,0.899,0.4,5.6,6.1,3.9,1.3,0.5,3.0,2.4,21.7
Taj Gibson,C,34.0,NYK,52.0,46.0,16.5,2.6,4.5,0.5720000000000001,0.1,0.2,0.273,2.5,4.3,0.5870000000000001,0.578,0.5,0.8,0.7,1.8,2.5,4.3,0.9,0.4,0.4,0.8,2.1,5.8
Shai Gilgeous-Alexander,SG,21.0,OKC,55.0,55.0,35.5,7.0,15.1,0.465,1.3,3.6,0.35,5.8,11.5,0.501,0.507,4.1,5.1,0.809,0.7,5.4,6.1,3.2,1.2,0.7,1.9,1.7,19.5
Brandon Goodwin,PG,24.0,ATL,26.0,1.0,13.7,2.4,6.1,0.396,0.9,2.8,0.315,1.5,3.3,0.465,0.469,0.9,0.9,1.0,0.4,2.0,2.4,1.5,0.4,0.2,1.0,1.4,6.7
Aaron Gordon,PF,24.0,ORL,49.0,49.0,32.2,5.3,12.6,0.424,1.2,4.0,0.308,4.1,8.6,0.479,0.473,2.3,3.4,0.675,1.7,5.6,7.3,3.1,0.8,0.5,1.6,2.0,14.2
Eric Gordon,SG,31.0,HOU,28.0,12.0,29.4,5.0,13.4,0.374,2.9,8.8,0.332,2.1,4.5,0.457,0.484,2.3,3.2,0.73,0.3,1.8,2.0,1.5,0.6,0.4,1.0,2.0,15.3
Devonte' Graham,PG,24.0,CHO,54.0,44.0,35.2,5.8,15.3,0.379,3.5,9.4,0.374,2.3,5.9,0.388,0.495,3.0,3.7,0.8109999999999999,0.8,2.9,3.6,7.8,0.9,0.3,2.9,1.9,18.1
Treveon Graham,SG,26.0,TOT,45.0,20.0,17.4,1.6,4.5,0.34700000000000003,0.6,2.2,0.25,1.0,2.3,0.441,0.408,0.7,1.0,0.733,0.8,1.9,2.7,0.7,0.4,0.1,0.5,1.8,4.4
Treveon Graham,SG,26.0,MIN,33.0,20.0,20.1,1.9,5.3,0.354,0.6,2.5,0.241,1.3,2.8,0.457,0.411,0.8,1.1,0.73,0.9,2.2,3.0,0.9,0.5,0.1,0.6,2.0,5.2
Treveon Graham,SG,26.0,ATL,12.0,0.0,10.1,0.7,2.3,0.29600000000000004,0.4,1.4,0.294,0.3,0.8,0.3,0.389,0.5,0.7,0.75,0.4,1.3,1.8,0.1,0.3,0.3,0.3,1.3,2.3
Jerami Grant,PF,25.0,DEN,54.0,21.0,26.4,4.0,8.6,0.468,1.4,3.4,0.397,2.7,5.2,0.514,0.546,1.9,2.6,0.73,0.9,2.8,3.7,1.1,0.6,0.9,0.8,2.1,11.3
Danny Green,SG,32.0,LAL,52.0,52.0,25.0,3.1,7.3,0.422,1.9,5.0,0.378,1.2,2.2,0.522,0.5529999999999999,0.6,0.8,0.727,0.7,2.7,3.5,1.3,1.2,0.5,0.9,2.2,8.6
Draymond Green,PF,29.0,GSW,41.0,41.0,29.1,2.9,7.5,0.388,0.9,3.0,0.28800000000000003,2.0,4.5,0.457,0.447,1.5,2.0,0.759,0.6,5.8,6.4,6.2,1.4,0.8,2.3,2.6,8.3
JaMychal Green,PF,29.0,LAC,46.0,0.0,20.7,2.2,5.6,0.398,1.3,3.7,0.355,0.9,1.8,0.488,0.518,0.6,0.9,0.725,1.4,5.0,6.4,0.7,0.5,0.4,0.9,2.6,6.4
Javonte Green,SF,26.0,BOS,41.0,1.0,9.1,1.2,2.3,0.511,0.1,0.6,0.261,1.0,1.7,0.5920000000000001,0.5429999999999999,0.6,0.9,0.639,0.4,1.3,1.7,0.5,0.5,0.1,0.4,0.9,3.0
Jeff Green,PF,33.0,UTA,30.0,2.0,18.4,2.5,6.5,0.385,1.1,3.5,0.327,1.4,3.0,0.451,0.472,1.6,2.1,0.778,0.5,2.2,2.7,0.7,0.4,0.3,0.9,1.5,7.8
Blake Griffin,PF,30.0,DET,18.0,18.0,28.4,4.9,13.9,0.35200000000000004,1.5,6.2,0.243,3.4,7.7,0.439,0.406,4.2,5.4,0.7759999999999999,0.9,3.7,4.7,3.3,0.4,0.4,2.2,1.5,15.5
Marko Guduric,SG,24.0,MEM,33.0,0.0,13.2,1.6,4.2,0.384,0.6,2.2,0.29600000000000004,1.0,2.0,0.478,0.46,0.6,0.7,0.913,0.4,1.5,1.9,1.2,0.3,0.2,1.0,0.9,4.5
Rui Hachimura,PF,21.0,WAS,30.0,30.0,28.8,5.8,11.8,0.487,0.4,1.8,0.236,5.3,10.0,0.5329999999999999,0.506,1.9,2.3,0.826,1.5,4.4,6.0,1.5,0.7,0.2,0.9,2.2,13.9
Devon Hall,SG,24.0,OKC,5.0,0.0,4.0,0.2,1.0,0.2,0.0,0.4,0.0,0.2,0.6,0.333,0.2,0.6,0.8,0.75,0.0,0.2,0.2,0.6,0.0,0.0,0.2,0.2,1.0
Tim Hardaway,SG,27.0,DAL,52.0,39.0,27.4,5.1,11.9,0.433,2.8,6.8,0.403,2.4,5.0,0.473,0.5489999999999999,1.7,2.1,0.8109999999999999,0.4,2.6,3.0,2.0,0.6,0.1,0.9,1.7,14.8
James Harden,SG,30.0,HOU,51.0,51.0,37.1,10.1,23.2,0.4370000000000001,4.6,12.8,0.358,5.5,10.4,0.535,0.536,10.4,12.0,0.8690000000000001,1.1,5.5,6.5,7.3,1.6,1.0,4.5,3.4,35.3
Maurice Harkless,SF,26.0,TOT,51.0,38.0,22.9,2.2,4.4,0.509,0.5,1.5,0.355,1.7,2.9,0.588,0.569,0.5,0.8,0.5710000000000001,0.9,3.1,4.0,1.0,1.0,0.6,0.9,2.4,5.5
Maurice Harkless,SF,26.0,LAC,50.0,38.0,22.8,2.2,4.3,0.516,0.5,1.5,0.37,1.7,2.9,0.59,0.578,0.5,0.8,0.5710000000000001,0.9,3.1,4.0,1.0,1.0,0.6,0.9,2.4,5.5
Montrezl Harrell,C,26.0,LAC,54.0,2.0,28.4,7.7,13.4,0.5760000000000001,0.0,0.3,0.0,7.7,13.1,0.589,0.5760000000000001,3.4,5.4,0.634,2.7,4.4,7.1,1.8,0.6,1.1,1.8,2.4,18.8
Gary Harris,SG,25.0,DEN,46.0,45.0,32.1,3.8,9.6,0.4,1.2,4.0,0.299,2.6,5.6,0.473,0.463,1.4,1.7,0.8290000000000001,0.5,2.4,2.9,2.2,1.3,0.2,1.0,2.1,10.2
Joe Harris,SF,28.0,BRK,52.0,52.0,31.4,5.2,11.1,0.468,2.4,5.9,0.408,2.8,5.2,0.537,0.5770000000000001,1.0,1.3,0.743,0.9,3.4,4.3,2.1,0.7,0.3,1.4,2.3,13.8
Tobias Harris,PF,27.0,PHI,55.0,55.0,34.3,7.4,15.7,0.472,1.8,4.9,0.363,5.7,10.8,0.522,0.529,2.4,2.9,0.802,0.7,6.1,6.7,3.0,0.7,0.6,1.5,2.2,19.0
Shaquille Harrison,SF,26.0,CHI,33.0,4.0,7.7,1.2,2.8,0.441,0.2,0.6,0.333,1.0,2.2,0.472,0.478,0.7,0.9,0.742,0.2,1.1,1.4,0.9,0.5,0.2,0.4,0.8,3.4
Josh Hart,SF,24.0,NOP,48.0,14.0,28.1,3.6,8.6,0.423,2.1,5.8,0.354,1.6,2.8,0.5670000000000001,0.542,1.3,1.6,0.772,1.0,5.4,6.4,1.6,1.1,0.4,1.1,2.6,10.6
Isaiah Hartenstein,C,21.0,HOU,23.0,2.0,11.6,1.9,2.9,0.657,0.0,0.2,0.0,1.9,2.7,0.71,0.657,0.8,1.2,0.679,1.3,2.7,3.9,0.8,0.4,0.5,0.7,1.8,4.7
Jaxson Hayes,C,19.0,NOP,52.0,12.0,17.8,2.9,4.4,0.664,0.0,0.1,0.25,2.9,4.3,0.6709999999999999,0.6659999999999999,2.1,3.3,0.626,1.6,2.7,4.3,1.0,0.4,1.0,0.8,2.7,7.9
Gordon Hayward,SF,29.0,BOS,37.0,37.0,33.2,6.7,13.4,0.504,1.6,4.1,0.392,5.1,9.2,0.5539999999999999,0.565,2.2,2.5,0.88,1.1,5.6,6.7,4.1,0.7,0.5,1.7,1.8,17.3
John Henson,PF,29.0,TOT,32.0,2.0,14.2,2.2,4.1,0.5379999999999999,0.2,1.0,0.194,2.0,3.1,0.6459999999999999,0.562,0.6,1.1,0.529,1.1,2.9,4.0,1.4,0.5,1.1,0.8,1.8,5.1
John Henson,PF,29.0,CLE,29.0,2.0,14.2,2.1,4.1,0.508,0.2,1.1,0.194,1.9,3.1,0.618,0.5329999999999999,0.6,1.1,0.515,1.1,2.8,3.9,1.5,0.6,1.1,0.7,1.9,5.0
Dewan Hernandez,C,23.0,TOR,4.0,0.0,2.8,0.3,1.3,0.2,0.0,0.3,0.0,0.3,1.0,0.25,0.2,0.5,0.5,1.0,0.5,1.3,1.8,0.0,0.3,0.0,0.3,1.5,1.0
Juan Hernangómez,PF,24.0,TOT,37.0,3.0,13.8,1.4,3.9,0.366,0.6,2.0,0.284,0.9,1.9,0.451,0.438,0.7,1.0,0.6579999999999999,0.8,2.2,3.1,0.7,0.2,0.2,0.5,1.0,4.1
Juan Hernangómez,PF,24.0,DEN,34.0,0.0,12.4,1.1,3.2,0.345,0.4,1.8,0.25,0.7,1.5,0.46,0.414,0.5,0.7,0.64,0.7,2.1,2.8,0.6,0.1,0.1,0.5,0.9,3.1
Juan Hernangómez,PF,24.0,MIN,3.0,3.0,30.0,5.0,11.7,0.429,2.0,4.7,0.429,3.0,7.0,0.429,0.514,3.0,4.3,0.6920000000000001,2.0,4.0,6.0,1.3,0.7,0.3,0.3,2.7,15.0
Willy Hernangómez,C,25.0,CHO,24.0,0.0,10.6,2.2,4.2,0.525,0.2,0.8,0.25,2.0,3.4,0.593,0.55,1.1,1.9,0.565,1.3,2.3,3.6,0.7,0.3,0.2,0.9,1.2,5.7
Tyler Herro,SG,20.0,MIA,46.0,6.0,27.7,4.8,11.5,0.414,2.2,5.5,0.393,2.6,6.0,0.433,0.508,1.4,1.7,0.835,0.3,3.7,4.0,2.0,0.6,0.2,1.6,1.3,13.1
Mario Hezonja,PF,24.0,POR,39.0,4.0,16.2,1.5,4.0,0.385,0.4,1.4,0.28300000000000003,1.2,2.6,0.4370000000000001,0.433,1.0,1.3,0.816,0.6,3.0,3.6,0.8,0.6,0.2,0.7,2.2,4.5
Buddy Hield,SG,27.0,SAC,54.0,44.0,33.4,7.4,17.2,0.431,3.8,9.9,0.385,3.6,7.3,0.494,0.542,1.7,2.1,0.83,1.0,4.0,5.0,3.2,0.9,0.3,2.5,2.5,20.4
George Hill,PG,33.0,MIL,44.0,0.0,21.1,3.5,6.4,0.541,1.5,3.0,0.511,2.0,3.5,0.5660000000000001,0.659,1.3,1.5,0.821,0.9,2.1,3.0,3.0,0.7,0.1,1.0,1.4,9.7
Solomon Hill,SF,28.0,MEM,48.0,3.0,18.8,2.0,4.9,0.412,1.2,3.1,0.381,0.8,1.8,0.465,0.532,0.5,0.8,0.684,0.5,2.5,3.0,2.0,0.6,0.1,0.8,1.5,5.7
Jaylen Hoard,SF,20.0,POR,13.0,0.0,7.9,1.2,2.5,0.469,0.0,0.2,0.0,1.2,2.2,0.517,0.469,0.6,1.0,0.615,1.1,1.4,2.5,0.3,0.4,0.0,0.3,0.9,2.9
Aaron Holiday,PG,23.0,IND,49.0,19.0,22.8,3.7,8.9,0.415,1.5,3.7,0.413,2.2,5.2,0.416,0.5,1.0,1.1,0.87,0.4,1.8,2.2,3.4,0.7,0.2,1.3,1.8,9.9
Jrue Holiday,SG,29.0,NOP,46.0,46.0,34.7,7.6,17.2,0.441,2.0,5.8,0.34700000000000003,5.6,11.4,0.489,0.499,2.1,3.0,0.706,1.2,3.5,4.7,6.5,1.7,0.9,2.9,2.1,19.3
Justin Holiday,SG,30.0,IND,55.0,2.0,25.4,2.9,6.6,0.434,1.8,4.4,0.417,1.0,2.2,0.467,0.5720000000000001,0.7,0.9,0.7879999999999999,0.5,2.9,3.4,1.5,1.0,0.6,0.5,1.8,8.3
Rondae Hollis-Jefferson,SF,25.0,TOR,43.0,3.0,19.6,2.8,5.9,0.476,0.0,0.4,0.125,2.8,5.5,0.5,0.48,1.9,2.6,0.726,2.0,2.9,4.9,1.8,1.0,0.4,1.0,2.1,7.6
Rodney Hood,SF,27.0,POR,21.0,21.0,29.5,4.1,8.2,0.506,1.7,3.4,0.493,2.5,4.8,0.515,0.608,1.0,1.3,0.778,0.5,3.0,3.4,1.5,0.8,0.2,0.9,2.2,11.0
Al Horford,C,33.0,PHI,50.0,49.0,30.9,4.9,11.1,0.44,1.4,4.4,0.327,3.4,6.7,0.515,0.505,0.8,1.1,0.732,1.5,5.2,6.7,3.9,0.9,0.9,1.0,2.1,12.0
Danuel House,SF,26.0,HOU,48.0,37.0,31.0,3.6,8.6,0.421,2.1,5.6,0.375,1.5,3.0,0.507,0.544,1.3,1.6,0.789,1.1,3.4,4.5,1.3,1.1,0.6,0.9,2.1,10.6
Dwight Howard,C,34.0,LAL,53.0,2.0,19.8,3.2,4.3,0.738,0.1,0.1,0.6,3.1,4.2,0.741,0.745,1.4,2.9,0.468,2.7,5.2,7.8,0.7,0.4,1.3,1.2,3.2,7.8
Kevin Huerter,SG,21.0,ATL,45.0,37.0,30.3,4.5,10.7,0.418,2.3,5.8,0.392,2.2,4.8,0.45,0.525,1.0,1.3,0.825,0.6,3.5,4.1,3.4,0.8,0.5,1.6,2.4,12.3
De'Andre Hunter,SF,22.0,ATL,53.0,52.0,31.6,4.5,10.9,0.41,1.6,4.8,0.345,2.8,6.1,0.46,0.485,1.7,2.2,0.759,0.5,3.4,4.0,1.8,0.8,0.3,1.6,2.8,12.2
Chandler Hutchison,SF,23.0,CHI,28.0,10.0,18.8,2.9,6.3,0.457,0.4,1.4,0.316,2.4,4.9,0.496,0.491,1.6,2.8,0.59,0.6,3.2,3.9,0.9,1.0,0.3,1.0,1.7,7.8
Serge Ibaka,C,30.0,TOR,44.0,21.0,27.2,6.5,12.5,0.526,1.3,3.1,0.404,5.3,9.4,0.5660000000000001,0.5760000000000001,1.8,2.4,0.738,2.0,6.0,8.0,1.4,0.5,0.8,1.9,2.8,16.1
Ersan İlyasova,PF,32.0,MIL,50.0,7.0,16.2,2.7,5.6,0.472,0.9,2.4,0.373,1.8,3.3,0.5429999999999999,0.55,1.2,1.5,0.836,1.1,3.9,5.0,0.9,0.4,0.3,0.6,1.6,7.4
Joe Ingles,SF,32.0,UTA,54.0,34.0,30.1,3.5,8.1,0.433,2.0,5.1,0.396,1.5,3.0,0.4970000000000001,0.557,1.0,1.3,0.789,0.4,3.7,4.0,5.2,0.9,0.1,1.9,2.1,10.0
Brandon Ingram,PF,22.0,NOP,47.0,47.0,34.1,8.5,18.0,0.473,2.5,6.3,0.4,6.0,11.7,0.513,0.5429999999999999,5.3,6.1,0.862,0.9,5.5,6.4,4.2,1.0,0.7,3.0,2.8,24.9
Kyrie Irving,PG,27.0,BRK,20.0,20.0,32.9,10.0,20.8,0.478,2.8,7.1,0.394,7.2,13.7,0.522,0.546,4.7,5.1,0.922,1.1,4.1,5.2,6.4,1.4,0.5,2.6,2.7,27.4
Jonathan Isaac,SF,22.0,ORL,32.0,32.0,29.7,4.7,10.1,0.463,0.9,2.8,0.33,3.7,7.2,0.515,0.509,1.8,2.3,0.767,1.8,5.2,6.9,1.4,1.6,2.4,1.5,2.5,12.0
Wesley Iwundu,SF,25.0,ORL,41.0,15.0,18.3,1.7,4.3,0.382,0.5,1.5,0.32299999999999995,1.2,2.8,0.414,0.438,1.3,1.6,0.818,0.5,2.0,2.6,1.1,0.6,0.2,0.4,1.5,5.1
Frank Jackson,PG,21.0,NOP,44.0,1.0,13.2,2.1,5.1,0.406,0.8,2.4,0.317,1.3,2.7,0.483,0.48,1.0,1.3,0.772,0.3,0.9,1.3,0.8,0.3,0.1,0.9,1.4,5.9
Jaren Jackson,C,20.0,MEM,52.0,52.0,28.1,6.2,13.2,0.468,2.5,6.3,0.397,3.7,6.8,0.534,0.563,2.3,3.0,0.747,1.0,3.8,4.8,1.4,0.7,1.7,1.7,4.1,17.1
Josh Jackson,SG,22.0,MEM,7.0,0.0,17.6,2.1,5.9,0.366,0.4,2.6,0.16699999999999998,1.7,3.3,0.522,0.402,1.3,1.9,0.6920000000000001,0.7,3.1,3.9,0.9,0.9,0.1,1.4,1.4,6.0
Justin Jackson,PF,24.0,DAL,49.0,2.0,16.1,2.2,5.6,0.394,0.8,2.7,0.301,1.4,2.9,0.482,0.467,0.6,0.7,0.853,0.4,1.9,2.4,0.7,0.2,0.1,0.2,1.1,5.8
Reggie Jackson,PG,29.0,DET,14.0,10.0,27.2,5.4,14.1,0.384,2.2,5.9,0.378,3.2,8.3,0.388,0.462,1.9,2.4,0.7879999999999999,0.8,2.1,2.9,5.1,0.6,0.1,1.6,1.5,14.9
Justin James,SG,23.0,SAC,31.0,0.0,7.0,1.1,2.5,0.423,0.3,0.8,0.34600000000000003,0.8,1.7,0.462,0.481,0.3,0.7,0.476,0.2,0.8,1.0,0.5,0.2,0.3,0.3,0.5,2.7
LeBron James,PG,35.0,LAL,51.0,51.0,34.9,9.6,19.6,0.489,2.1,6.2,0.345,7.4,13.4,0.556,0.544,3.7,5.4,0.687,1.0,6.8,7.8,10.8,1.3,0.4,4.0,1.7,25.0
Ty Jerome,PG,22.0,PHO,21.0,0.0,11.8,1.5,4.0,0.376,0.5,1.7,0.314,1.0,2.4,0.42,0.441,0.4,0.6,0.75,0.3,1.4,1.7,1.8,0.7,0.1,0.7,1.1,4.0
B.J. Johnson,SF,24.0,ORL,8.0,0.0,5.8,0.6,2.3,0.278,0.1,0.8,0.16699999999999998,0.5,1.5,0.333,0.306,0.3,0.3,1.0,0.1,0.6,0.8,0.3,0.3,0.0,0.4,0.0,1.6
Cameron Johnson,PF,23.0,PHO,42.0,1.0,19.8,2.6,6.4,0.411,1.7,4.5,0.39,0.9,2.0,0.458,0.546,0.7,1.0,0.75,0.9,2.0,2.9,1.1,0.6,0.3,0.6,1.4,7.7
James Johnson,PF,32.0,TOT,21.0,1.0,17.2,2.3,5.2,0.45,1.0,2.6,0.382,1.3,2.6,0.519,0.546,0.5,1.0,0.55,0.6,2.6,3.2,1.6,0.6,0.8,1.1,2.1,6.2
James Johnson,PF,32.0,MIA,18.0,0.0,15.6,2.2,4.8,0.448,0.9,2.5,0.35600000000000004,1.3,2.3,0.5479999999999999,0.54,0.4,0.8,0.5710000000000001,0.4,2.4,2.9,1.2,0.3,0.7,0.8,1.9,5.7
James Johnson,PF,32.0,MIN,3.0,1.0,26.7,3.3,7.3,0.455,1.7,3.3,0.5,1.7,4.0,0.417,0.568,1.0,2.0,0.5,1.3,3.7,5.0,4.3,2.0,1.3,3.0,3.3,9.3
Stanley Johnson,PF,23.0,TOR,17.0,0.0,4.9,0.5,1.6,0.28600000000000003,0.1,0.7,0.16699999999999998,0.4,0.9,0.375,0.321,0.2,0.2,0.75,0.2,0.9,1.1,0.4,0.2,0.1,0.5,0.5,1.2
Tyler Johnson,SG,27.0,PHO,31.0,3.0,16.6,2.1,5.5,0.38,0.8,2.7,0.289,1.3,2.8,0.466,0.45,0.8,1.0,0.75,0.3,1.4,1.7,1.6,0.4,0.3,0.8,1.4,5.7
Nikola Jokić,C,24.0,DEN,55.0,55.0,32.5,8.0,15.4,0.518,1.2,3.8,0.329,6.8,11.7,0.579,0.5579999999999999,3.4,4.2,0.81,2.4,7.8,10.2,6.9,1.2,0.7,3.0,3.1,20.6
Damian Jones,C,24.0,ATL,51.0,27.0,16.7,2.3,3.4,0.6859999999999999,0.0,0.2,0.25,2.3,3.2,0.7070000000000001,0.6920000000000001,1.2,1.6,0.738,1.4,2.4,3.8,0.6,0.5,0.7,0.5,2.7,5.9
Derrick Jones,SF,22.0,MIA,40.0,6.0,24.7,3.1,6.2,0.494,0.7,2.5,0.28600000000000003,2.4,3.8,0.629,0.55,1.9,2.4,0.779,1.0,3.2,4.2,0.9,1.0,0.7,0.6,2.2,8.7
Tyus Jones,PG,23.0,MEM,54.0,6.0,18.9,2.9,6.2,0.468,0.6,1.6,0.386,2.3,4.5,0.498,0.52,0.5,0.7,0.778,0.1,1.4,1.6,4.5,0.9,0.1,0.9,0.6,6.9
Cory Joseph,PG,28.0,SAC,54.0,21.0,24.8,2.5,6.0,0.409,0.7,2.2,0.342,1.7,3.9,0.447,0.471,0.7,0.9,0.813,0.6,2.1,2.6,3.4,0.7,0.3,1.1,1.9,6.4
Mfiondu Kabengele,C,22.0,LAC,12.0,0.0,5.3,1.2,2.7,0.438,0.8,1.7,0.45,0.4,1.0,0.417,0.578,0.4,0.4,1.0,0.1,0.8,0.9,0.2,0.2,0.2,0.2,0.8,3.5
Frank Kaminsky,C,26.0,PHO,32.0,13.0,22.4,4.0,8.7,0.455,1.2,3.5,0.348,2.8,5.2,0.527,0.525,1.8,2.8,0.67,0.9,4.0,4.9,2.2,0.4,0.3,1.0,2.2,11.0
Enes Kanter,C,27.0,BOS,42.0,6.0,18.6,3.9,6.7,0.586,0.0,0.2,0.14300000000000002,3.9,6.5,0.597,0.588,1.3,1.9,0.7,2.9,5.3,8.2,1.0,0.4,0.8,1.1,1.9,9.2
Luke Kennard,SG,23.0,DET,28.0,25.0,32.9,5.4,12.2,0.442,2.6,6.5,0.399,2.8,5.7,0.491,0.5479999999999999,2.4,2.7,0.893,0.3,3.2,3.5,4.1,0.4,0.2,1.5,2.3,15.8
Michael Kidd-Gilchrist,PF,26.0,CHO,12.0,0.0,13.3,1.5,4.4,0.34,0.4,1.4,0.294,1.1,3.0,0.361,0.387,0.6,0.8,0.778,0.8,2.2,2.9,0.8,0.0,0.3,0.6,1.5,4.0
Louis King,SF,20.0,DET,10.0,0.0,6.2,0.8,2.1,0.381,0.4,1.1,0.364,0.4,1.0,0.4,0.476,0.0,0.3,0.0,0.1,0.9,1.0,0.5,0.2,0.0,0.2,1.0,2.0
Maxi Kleber,C,28.0,DAL,54.0,15.0,24.9,3.1,6.8,0.458,1.6,4.2,0.379,1.5,2.6,0.586,0.575,1.1,1.3,0.897,1.6,3.6,5.2,1.0,0.3,1.1,0.7,2.2,8.9
Brandon Knight,PG,28.0,TOT,17.0,0.0,14.9,1.7,5.3,0.322,1.2,4.0,0.294,0.5,1.3,0.409,0.433,0.2,0.8,0.308,0.2,1.0,1.2,1.8,0.4,0.1,1.2,1.2,4.8
Brandon Knight,PG,28.0,CLE,16.0,0.0,15.1,1.8,5.4,0.326,1.2,4.0,0.297,0.6,1.4,0.409,0.436,0.3,0.8,0.308,0.2,1.1,1.3,1.9,0.3,0.1,1.0,1.3,4.9
Kevin Knox,SF,20.0,NYK,54.0,4.0,18.3,2.3,6.3,0.368,1.1,3.2,0.326,1.3,3.1,0.413,0.452,1.0,1.6,0.6509999999999999,0.4,2.5,2.9,0.9,0.4,0.4,0.6,1.6,6.8
John Konchar,SG,23.0,MEM,6.0,0.0,5.7,0.5,0.8,0.6,0.0,0.3,0.0,0.5,0.5,1.0,0.6,0.2,0.2,1.0,0.0,0.3,0.3,0.5,0.0,0.0,0.0,0.2,1.2
Furkan Korkmaz,SG,22.0,PHI,54.0,12.0,21.3,3.5,7.9,0.4370000000000001,1.9,5.0,0.392,1.5,3.0,0.513,0.56,0.7,1.0,0.7120000000000001,0.3,2.0,2.3,1.0,0.5,0.2,0.7,1.4,9.6
Luke Kornet,C,24.0,CHI,35.0,13.0,15.5,2.3,5.2,0.4370000000000001,0.9,3.0,0.28600000000000003,1.4,2.2,0.6409999999999999,0.519,0.6,0.8,0.7140000000000001,0.6,1.8,2.4,0.9,0.3,0.7,0.4,1.5,6.0
Kyle Korver,SF,38.0,MIL,47.0,0.0,16.6,2.1,5.0,0.418,1.6,4.0,0.407,0.5,1.0,0.458,0.58,0.6,0.7,0.8390000000000001,0.3,1.8,2.1,1.2,0.4,0.2,0.8,1.3,6.4
Rodions Kurucs,PF,21.0,BRK,32.0,4.0,13.3,1.8,3.6,0.491,0.8,1.7,0.463,1.0,1.9,0.516,0.599,0.4,0.7,0.636,0.5,1.9,2.4,0.9,0.4,0.1,1.0,1.8,4.8
Kyle Kuzma,PF,24.0,LAL,44.0,6.0,24.7,4.6,10.6,0.4370000000000001,1.5,4.4,0.332,3.2,6.2,0.511,0.505,1.8,2.5,0.743,0.9,3.5,4.4,1.3,0.4,0.4,1.6,1.8,12.6
Skal Labissière,C,23.0,POR,33.0,1.0,17.2,2.5,4.5,0.551,0.1,0.4,0.231,2.4,4.1,0.5820000000000001,0.561,0.8,1.0,0.758,2.0,3.2,5.1,1.3,0.2,0.9,0.9,2.7,5.8
Jeremy Lamb,SG,27.0,IND,44.0,42.0,28.7,4.9,10.6,0.46,1.2,3.5,0.344,3.7,7.1,0.518,0.517,1.9,2.3,0.8420000000000001,0.5,3.9,4.4,2.1,1.2,0.5,1.1,2.3,12.9
Romeo Langford,SG,20.0,BOS,18.0,1.0,10.2,1.1,2.2,0.487,0.2,0.8,0.267,0.8,1.3,0.625,0.5379999999999999,0.7,0.9,0.75,0.3,0.7,1.0,0.2,0.3,0.3,0.3,0.9,3.0
Zach LaVine,SG,24.0,CHI,55.0,55.0,34.5,8.8,19.6,0.448,3.1,7.9,0.385,5.7,11.7,0.491,0.526,4.7,5.7,0.8240000000000001,0.7,4.1,4.8,4.1,1.4,0.5,3.3,2.1,25.3
Vic Law,SF,24.0,ORL,3.0,0.0,1.3,0.0,0.7,0.0,0.0,0.3,0.0,0.0,0.3,0.0,0.0,0.0,0.7,0.0,0.0,0.0,0.0,0.0,0.0,0.0,0.0,0.0,0.0
Jake Layman,PF,25.0,MIN,14.0,2.0,26.4,4.4,9.4,0.462,1.4,3.9,0.35200000000000004,3.0,5.6,0.5379999999999999,0.534,0.4,0.7,0.6,0.9,2.1,2.9,0.8,0.9,0.7,1.3,2.2,10.5
T.J. Leaf,PF,22.0,IND,22.0,1.0,8.2,1.3,3.0,0.424,0.2,0.6,0.35700000000000004,1.0,2.4,0.442,0.462,0.3,0.5,0.6,0.9,1.8,2.7,0.3,0.3,0.1,0.3,0.8,3.0
Jalen Lecque,PG,19.0,PHO,4.0,0.0,6.5,1.0,2.5,0.4,0.0,1.0,0.0,1.0,1.5,0.667,0.4,0.5,0.5,1.0,0.0,0.0,0.0,0.5,0.0,0.0,0.3,0.5,2.5
Damion Lee,SG,27.0,GSW,39.0,26.0,27.9,4.1,9.9,0.413,1.5,4.2,0.35600000000000004,2.6,5.7,0.455,0.488,2.3,2.6,0.882,0.8,4.1,4.9,2.5,1.0,0.1,1.3,2.3,12.0
Alex Len,C,26.0,ATL,40.0,9.0,18.6,3.6,6.5,0.546,0.4,1.4,0.25,3.2,5.1,0.627,0.573,1.3,2.0,0.63,1.7,4.0,5.8,1.1,0.5,0.8,1.0,2.3,8.7
Kawhi Leonard,SF,28.0,LAC,42.0,42.0,32.5,9.5,20.5,0.463,2.1,5.7,0.374,7.4,14.8,0.4970000000000001,0.515,6.1,6.8,0.895,1.0,6.5,7.5,5.3,1.8,0.7,3.0,1.9,27.2
Meyers Leonard,C,27.0,MIA,49.0,49.0,20.1,2.4,4.6,0.52,1.0,2.4,0.429,1.3,2.1,0.625,0.635,0.3,0.5,0.654,0.6,4.5,5.1,1.1,0.3,0.3,0.7,2.1,6.1
Caris LeVert,SG,25.0,BRK,28.0,14.0,27.3,5.6,14.0,0.404,1.5,3.9,0.376,4.2,10.1,0.415,0.457,2.5,3.5,0.7070000000000001,0.9,2.7,3.6,3.6,0.9,0.2,2.6,1.8,15.3
Damian Lillard,PG,29.0,POR,54.0,54.0,37.0,9.4,20.4,0.46,3.9,10.0,0.393,5.5,10.4,0.524,0.556,6.8,7.7,0.889,0.5,3.8,4.4,7.9,1.0,0.3,2.9,1.7,29.5
Nassir Little,PF,19.0,POR,39.0,5.0,12.7,1.4,3.3,0.43,0.3,1.3,0.255,1.1,2.0,0.545,0.48,0.7,1.0,0.667,0.7,1.8,2.5,0.5,0.3,0.4,0.4,1.6,3.8
Kevon Looney,C,23.0,GSW,15.0,3.0,11.7,1.2,3.4,0.353,0.1,0.5,0.14300000000000002,1.1,2.9,0.386,0.363,0.4,0.6,0.667,1.5,1.6,3.1,0.7,0.5,0.3,0.5,1.7,2.9
Brook Lopez,C,31.0,MIL,52.0,51.0,26.8,3.9,9.2,0.429,1.4,4.7,0.298,2.5,4.5,0.564,0.504,1.4,1.7,0.828,0.6,3.9,4.5,1.6,0.7,2.6,1.0,2.3,10.6
Robin Lopez,C,31.0,MIL,50.0,2.0,13.7,2.2,4.3,0.5,0.4,1.4,0.282,1.8,2.9,0.607,0.546,0.5,0.9,0.535,0.9,1.7,2.6,0.7,0.1,0.7,0.8,1.1,5.2
Kevin Love,PF,31.0,CLE,46.0,46.0,31.3,6.0,13.0,0.457,2.6,6.8,0.38,3.4,6.2,0.54,0.556,3.2,3.7,0.853,0.9,8.9,9.8,3.0,0.6,0.3,2.5,1.6,17.7
Kyle Lowry,PG,33.0,TOR,43.0,43.0,36.5,6.0,14.2,0.42,2.9,8.0,0.35700000000000004,3.1,6.2,0.502,0.52,4.8,5.6,0.855,0.6,4.1,4.7,7.6,1.2,0.4,2.9,3.2,19.6
Timothé Luwawu-Cabarrot,SG,24.0,BRK,28.0,0.0,15.1,1.6,4.0,0.411,0.9,2.2,0.393,0.8,1.8,0.431,0.518,1.1,1.4,0.789,0.4,1.7,2.1,0.5,0.5,0.1,0.8,1.7,5.2
Trey Lyles,PF,24.0,SAS,54.0,44.0,18.4,2.1,4.8,0.434,0.8,2.4,0.354,1.2,2.4,0.511,0.521,0.4,0.6,0.688,1.2,4.5,5.6,1.0,0.3,0.4,0.6,1.5,5.4
Josh Magette,PG,30.0,ORL,8.0,0.0,4.8,0.6,1.9,0.333,0.1,0.5,0.25,0.5,1.4,0.364,0.3670000000000001,0.1,0.3,0.5,0.1,0.6,0.8,0.6,0.4,0.1,0.6,0.5,1.5
Ian Mahinmi,C,33.0,WAS,33.0,30.0,22.0,2.9,5.8,0.503,0.2,0.7,0.208,2.8,5.1,0.545,0.516,1.9,3.1,0.634,2.2,3.9,6.1,1.3,0.7,1.3,1.3,3.0,7.9
Thon Maker,C,22.0,DET,52.0,11.0,12.7,1.5,3.0,0.513,0.3,1.0,0.333,1.2,2.0,0.602,0.568,1.3,2.0,0.667,0.9,1.7,2.7,0.6,0.4,0.6,0.8,1.7,4.7
Terance Mann,SG,23.0,LAC,34.0,6.0,7.9,0.6,1.6,0.407,0.1,0.4,0.25,0.6,1.2,0.452,0.435,0.3,0.4,0.75,0.1,0.9,1.0,1.1,0.2,0.1,0.4,1.1,1.6
Boban Marjanović,C,31.0,DAL,28.0,1.0,9.1,2.4,4.3,0.545,0.1,0.3,0.333,2.3,4.0,0.563,0.5579999999999999,1.0,1.3,0.73,1.3,2.8,4.0,0.4,0.1,0.2,0.7,1.4,5.8
Lauri Markkanen,PF,22.0,CHI,46.0,46.0,30.3,5.1,12.0,0.424,2.2,6.4,0.344,2.9,5.6,0.516,0.515,2.7,3.2,0.826,1.2,5.2,6.5,1.5,0.8,0.5,1.7,2.0,15.0
Caleb Martin,SF,24.0,CHO,8.0,1.0,12.4,1.0,3.1,0.32,0.3,1.0,0.25,0.8,2.1,0.353,0.36,0.5,0.9,0.5710000000000001,0.3,1.4,1.6,0.6,0.4,0.3,0.5,1.6,2.8
Cody Martin,SF,24.0,CHO,37.0,1.0,16.0,1.6,3.8,0.433,0.4,1.5,0.259,1.3,2.4,0.54,0.482,0.8,1.2,0.667,0.8,2.1,2.8,1.4,0.7,0.2,0.7,1.5,4.5
Kelan Martin,SF,24.0,MIN,22.0,4.0,16.8,2.3,6.0,0.382,0.8,3.1,0.265,1.5,2.9,0.508,0.45,0.5,0.5,1.0,0.3,3.0,3.3,0.5,0.3,0.3,0.5,1.8,5.9
Frank Mason,PG,25.0,MIL,4.0,0.0,4.5,0.3,1.8,0.14300000000000002,0.3,1.0,0.25,0.0,0.8,0.0,0.214,0.5,1.0,0.5,0.3,0.3,0.5,1.3,0.3,0.0,0.3,0.5,1.3
Garrison Mathews,SG,23.0,WAS,16.0,0.0,12.6,1.4,3.1,0.46,1.1,2.6,0.429,0.3,0.5,0.625,0.64,1.8,2.0,0.906,0.4,1.1,1.4,0.6,0.2,0.1,0.4,1.6,5.8
Wesley Matthews,SG,33.0,MIL,51.0,51.0,24.6,2.5,6.3,0.406,1.6,4.3,0.371,0.9,1.9,0.485,0.534,0.8,1.0,0.774,0.2,2.3,2.5,1.4,0.6,0.2,0.7,1.5,7.5
Patrick McCaw,SF,24.0,TOR,31.0,11.0,24.1,1.9,4.4,0.438,0.7,1.9,0.362,1.3,2.5,0.494,0.515,0.4,0.5,0.75,0.5,1.6,2.2,2.3,1.1,0.1,0.8,1.5,4.9
CJ McCollum,SG,28.0,POR,52.0,52.0,35.7,8.5,19.0,0.446,2.7,7.0,0.383,5.8,11.9,0.484,0.517,1.7,2.2,0.75,0.6,3.3,3.9,3.8,0.7,0.6,1.8,2.6,21.3
T.J. McConnell,PG,27.0,IND,53.0,3.0,19.2,3.1,5.9,0.524,0.1,0.2,0.308,3.0,5.7,0.5329999999999999,0.53,0.5,0.7,0.8290000000000001,0.5,2.2,2.7,5.2,0.7,0.2,1.4,1.1,6.8
Jalen McDaniels,PF,22.0,CHO,5.0,0.0,13.0,2.0,3.2,0.625,0.8,1.4,0.5710000000000001,1.2,1.8,0.667,0.75,0.6,0.6,1.0,0.4,2.0,2.4,0.2,0.6,0.0,0.0,1.0,5.4
Doug McDermott,PF,28.0,IND,55.0,0.0,20.6,3.9,8.1,0.485,1.9,4.4,0.442,2.0,3.7,0.537,0.605,0.7,0.8,0.8,0.4,2.2,2.6,1.1,0.1,0.1,0.6,1.7,10.4
JaVale McGee,C,32.0,LAL,51.0,51.0,16.8,3.1,4.8,0.644,0.1,0.1,0.5,3.1,4.7,0.647,0.65,0.8,1.3,0.642,1.9,3.9,5.8,0.6,0.5,1.6,0.8,2.4,7.1
Rodney McGruder,SG,28.0,LAC,43.0,3.0,16.4,1.3,3.4,0.384,0.5,1.7,0.27,0.8,1.7,0.5,0.452,0.3,0.6,0.5,0.6,2.3,2.8,0.7,0.5,0.2,0.4,1.5,3.4
Alfonzo McKinnie,SF,27.0,CLE,37.0,1.0,14.4,1.7,4.1,0.414,0.3,1.6,0.203,1.4,2.5,0.5479999999999999,0.454,0.5,0.8,0.69,0.8,1.9,2.8,0.4,0.6,0.2,0.6,1.7,4.3
Jordan McLaughlin,PG,23.0,MIN,19.0,1.0,19.1,2.6,5.8,0.455,0.9,2.6,0.34,1.7,3.2,0.55,0.532,0.5,0.8,0.667,0.2,1.5,1.7,3.8,1.0,0.1,0.7,0.9,6.7
Ben McLemore,SG,26.0,HOU,54.0,18.0,23.6,3.4,7.9,0.436,2.5,6.6,0.381,0.9,1.4,0.6990000000000001,0.594,0.8,1.1,0.759,0.3,1.9,2.2,0.9,0.6,0.2,0.8,2.0,10.2
Jordan McRae,SG,28.0,TOT,31.0,4.0,21.9,4.4,10.4,0.419,1.4,3.5,0.382,3.0,6.8,0.439,0.484,2.2,2.8,0.77,0.6,2.9,3.5,2.8,0.6,0.5,1.2,2.0,12.2
Jordan McRae,SG,28.0,WAS,29.0,4.0,22.6,4.6,10.9,0.42,1.4,3.7,0.377,3.2,7.3,0.441,0.483,2.2,2.9,0.7709999999999999,0.6,3.0,3.6,2.8,0.7,0.5,1.3,2.1,12.8
Jordan McRae,SG,28.0,DEN,2.0,0.0,12.5,1.0,2.5,0.4,1.0,2.0,0.5,0.0,0.5,0.0,0.6,1.5,2.0,0.75,0.5,2.0,2.5,2.0,0.5,0.5,0.0,1.0,4.5
Nicolò Melli,C,29.0,NOP,43.0,6.0,15.8,2.1,4.8,0.449,1.1,3.0,0.374,1.0,1.7,0.581,0.568,0.7,0.9,0.769,0.6,2.2,2.8,1.1,0.6,0.3,0.7,1.9,6.1
De'Anthony Melton,PG,21.0,MEM,41.0,0.0,18.4,2.9,6.6,0.439,0.5,1.9,0.273,2.4,4.7,0.505,0.478,1.7,2.0,0.831,0.7,3.0,3.6,3.0,1.3,0.3,1.5,1.8,8.0
Khris Middleton,SF,28.0,MIL,47.0,44.0,29.6,7.4,14.9,0.501,2.4,5.5,0.438,5.0,9.3,0.539,0.583,3.1,3.5,0.902,0.8,5.4,6.1,4.3,1.0,0.1,2.0,2.1,20.4
C.J. Miles,SG,32.0,WAS,10.0,0.0,16.1,1.9,5.9,0.322,1.1,3.5,0.314,0.8,2.4,0.333,0.415,1.5,2.0,0.75,0.4,0.8,1.2,1.2,1.0,0.4,0.4,1.4,6.4
Malcolm Miller,SF,26.0,TOR,22.0,1.0,5.3,0.3,1.0,0.333,0.2,0.7,0.313,0.1,0.2,0.4,0.452,0.0,0.3,0.16699999999999998,0.0,0.6,0.6,0.4,0.2,0.1,0.1,0.5,0.9
Patty Mills,PG,31.0,SAS,54.0,1.0,23.1,4.0,9.2,0.435,2.4,6.2,0.39,1.6,3.0,0.524,0.565,1.3,1.6,0.826,0.3,1.3,1.6,1.9,0.8,0.1,0.9,1.4,11.7
Paul Millsap,PF,34.0,DEN,35.0,32.0,24.4,4.2,8.8,0.476,1.1,2.4,0.44,3.1,6.4,0.489,0.536,2.7,3.1,0.853,2.0,3.9,5.9,1.6,0.9,0.7,1.2,2.8,12.1
Shake Milton,SG,23.0,PHI,22.0,8.0,14.9,2.2,5.1,0.429,0.9,2.6,0.333,1.3,2.5,0.527,0.513,1.0,1.4,0.767,0.3,1.8,2.0,1.5,0.4,0.0,1.0,1.9,6.3
Donovan Mitchell,SG,23.0,UTA,53.0,53.0,34.4,9.0,19.7,0.457,2.4,6.7,0.363,6.6,13.0,0.505,0.519,3.9,4.5,0.861,0.7,3.6,4.3,4.3,1.1,0.2,2.7,2.4,24.3
Adam Mokoka,SG,21.0,CHI,6.0,0.0,3.7,1.0,2.5,0.4,0.5,1.2,0.429,0.5,1.3,0.375,0.5,0.0,0.3,0.0,0.7,0.0,0.7,0.0,0.2,0.0,0.0,0.2,2.5
Malik Monk,SG,21.0,CHO,52.0,0.0,20.9,3.8,8.6,0.438,1.0,3.6,0.285,2.8,5.0,0.5479999999999999,0.498,1.4,1.7,0.816,0.5,2.3,2.8,2.0,0.5,0.3,1.4,1.3,9.9
E'Twaun Moore,SG,30.0,NOP,42.0,5.0,20.0,3.8,8.9,0.428,1.3,3.5,0.374,2.5,5.4,0.463,0.501,0.6,0.9,0.6409999999999999,0.6,2.0,2.6,1.5,0.5,0.2,0.7,1.5,9.5
Ja Morant,PG,20.0,MEM,48.0,48.0,29.9,6.7,13.6,0.493,0.8,2.2,0.358,5.9,11.4,0.519,0.522,3.5,4.4,0.7829999999999999,0.7,2.9,3.5,7.1,1.0,0.3,3.2,1.6,17.6
Marcus Morris,SF-PF,30.0,TOT,46.0,46.0,32.3,6.4,14.5,0.442,2.6,6.1,0.4320000000000001,3.8,8.4,0.448,0.532,3.5,4.3,0.823,1.1,4.3,5.4,1.4,0.8,0.4,1.7,3.0,19.0
Marcus Morris,SF,30.0,NYK,43.0,43.0,32.3,6.5,14.8,0.442,2.7,6.1,0.439,3.8,8.7,0.444,0.5329999999999999,3.8,4.6,0.823,1.1,4.3,5.4,1.4,0.8,0.4,1.7,3.0,19.6
Markieff Morris,PF,30.0,DET,44.0,16.0,22.5,4.0,8.8,0.45,1.7,4.3,0.397,2.3,4.5,0.5,0.546,1.4,1.8,0.772,0.5,3.4,3.9,1.6,0.6,0.3,1.6,2.4,11.0
Monte Morris,PG,24.0,DEN,55.0,8.0,21.1,3.4,7.5,0.459,0.9,2.1,0.402,2.6,5.3,0.481,0.516,0.8,1.0,0.8,0.3,1.4,1.8,3.6,0.7,0.2,0.7,0.9,8.5
Johnathan Motley,PF,24.0,LAC,13.0,0.0,3.2,0.8,1.2,0.733,0.1,0.1,1.0,0.8,1.1,0.7140000000000001,0.767,0.4,0.5,0.7140000000000001,0.2,0.5,0.8,0.6,0.2,0.0,0.4,0.5,2.2
Emmanuel Mudiay,PG,23.0,UTA,45.0,1.0,16.1,2.8,6.1,0.467,0.6,1.6,0.361,2.3,4.5,0.505,0.515,1.0,1.4,0.726,0.4,2.1,2.4,2.3,0.4,0.2,1.4,1.3,7.3
Dejounte Murray,PG,23.0,SAS,50.0,42.0,24.6,4.2,8.7,0.485,0.6,1.5,0.378,3.7,7.2,0.507,0.517,1.4,1.7,0.7909999999999999,1.2,4.6,5.8,4.0,1.6,0.3,1.9,2.2,10.4
Jamal Murray,PG,22.0,DEN,45.0,45.0,32.3,7.0,15.5,0.454,1.8,5.3,0.345,5.2,10.2,0.511,0.513,3.0,3.4,0.894,0.8,3.2,3.9,4.8,1.2,0.3,2.2,1.8,18.9
Džanan Musa,SF,20.0,BRK,35.0,0.0,11.5,1.4,4.0,0.36,0.4,1.9,0.231,1.0,2.1,0.473,0.414,0.9,1.3,0.75,0.5,1.5,2.0,0.9,0.4,0.0,0.8,0.7,4.2
Mike Muscala,C,28.0,OKC,37.0,0.0,12.5,1.6,4.0,0.401,1.1,3.0,0.35700000000000004,0.5,0.9,0.5429999999999999,0.537,0.5,0.6,0.818,0.3,2.1,2.4,0.8,0.2,0.3,0.4,1.2,4.8
Sviatoslav Mykhailiuk,SF,22.0,DET,47.0,18.0,22.1,2.9,6.8,0.431,2.0,4.8,0.422,0.9,2.0,0.452,0.58,1.0,1.2,0.86,0.3,1.4,1.7,1.6,0.6,0.1,1.0,1.5,8.9
Abdel Nader,SF,26.0,OKC,39.0,5.0,15.1,2.0,4.4,0.459,0.7,2.2,0.341,1.3,2.2,0.575,0.544,0.9,1.2,0.7829999999999999,0.3,1.3,1.6,0.6,0.4,0.3,0.8,1.3,5.7
Larry Nance,C,27.0,CLE,45.0,7.0,25.1,3.8,7.2,0.528,1.0,2.9,0.349,2.8,4.4,0.645,0.597,0.8,1.2,0.679,1.8,5.5,7.3,2.0,0.8,0.5,1.0,1.6,9.5
Shabazz Napier,PG,28.0,TOT,40.0,22.0,23.4,3.2,7.8,0.406,1.4,4.4,0.309,1.8,3.4,0.5329999999999999,0.494,2.0,2.5,0.8270000000000001,0.5,2.5,3.0,5.1,1.1,0.2,2.1,1.7,9.7
Shabazz Napier,PG,28.0,MIN,36.0,22.0,23.8,3.2,7.9,0.403,1.3,4.4,0.29600000000000004,1.9,3.4,0.54,0.486,2.0,2.4,0.818,0.5,2.6,3.1,5.2,1.1,0.2,2.1,1.7,9.6
Shabazz Napier,PG,28.0,WAS,4.0,0.0,19.5,3.0,6.8,0.444,1.8,4.0,0.438,1.3,2.8,0.455,0.574,2.3,2.5,0.9,0.8,1.8,2.5,3.8,1.0,0.3,2.3,1.5,10.0
Raul Neto,PG,27.0,PHI,44.0,2.0,10.9,1.5,3.5,0.438,0.5,1.4,0.381,1.0,2.0,0.478,0.516,0.3,0.4,0.778,0.3,0.8,1.1,1.5,0.5,0.1,0.8,0.8,3.9
Malik Newman,SG,22.0,CLE,1.0,0.0,4.0,0.0,2.0,0.0,0.0,1.0,0.0,0.0,1.0,0.0,0.0,2.0,2.0,1.0,0.0,0.0,0.0,0.0,0.0,0.0,1.0,0.0,2.0
Georges Niang,PF,26.0,UTA,48.0,0.0,13.6,2.1,4.5,0.459,1.3,3.1,0.416,0.8,1.4,0.551,0.601,0.4,0.5,0.8640000000000001,0.2,1.6,1.8,0.7,0.3,0.1,0.5,1.2,5.9
Nerlens Noel,C,25.0,OKC,46.0,6.0,18.7,3.2,4.7,0.6729999999999999,0.0,0.1,0.333,3.2,4.7,0.6779999999999999,0.675,1.5,1.9,0.7909999999999999,1.6,3.5,5.2,1.1,1.0,1.5,1.0,2.5,7.8
Zach Norvell,SG,22.0,TOT,5.0,0.0,8.2,0.6,2.4,0.25,0.6,1.6,0.375,0.0,0.8,0.0,0.375,0.2,0.2,1.0,0.0,1.2,1.2,0.6,0.4,0.0,0.6,0.8,2.0
Zach Norvell,SG,22.0,GSW,3.0,0.0,12.0,1.0,3.7,0.273,1.0,2.7,0.375,0.0,1.0,0.0,0.409,0.3,0.3,1.0,0.0,1.7,1.7,1.0,0.7,0.0,1.0,1.3,3.3
Jaylen Nowell,SG,20.0,MIN,9.0,0.0,11.3,1.6,4.3,0.359,0.3,2.2,0.15,1.2,2.1,0.579,0.397,1.0,1.1,0.9,0.2,0.8,1.0,1.2,0.0,0.1,0.3,0.7,4.4
Frank Ntilikina,PG,21.0,NYK,49.0,25.0,20.6,2.1,5.6,0.382,0.7,2.3,0.304,1.4,3.3,0.436,0.444,0.8,0.9,0.8640000000000001,0.4,1.8,2.2,3.0,0.9,0.3,1.3,2.5,5.8
Kendrick Nunn,SG,24.0,MIA,51.0,51.0,30.0,6.1,13.8,0.439,1.9,5.7,0.341,4.1,8.2,0.507,0.509,1.2,1.5,0.8290000000000001,0.3,2.5,2.7,3.5,0.9,0.2,1.7,2.2,15.3
David Nwaba,SF,27.0,BRK,20.0,0.0,13.4,1.9,3.6,0.521,0.6,1.4,0.429,1.3,2.2,0.581,0.606,0.9,1.4,0.667,0.4,1.9,2.3,0.4,0.6,0.6,0.4,1.6,5.2
Royce O'Neale,PF,26.0,UTA,54.0,47.0,29.2,2.1,4.7,0.445,1.2,3.0,0.407,0.9,1.7,0.511,0.574,0.4,0.5,0.828,0.4,4.8,5.2,2.5,0.7,0.4,0.9,2.9,5.9
Kyle O'Quinn,C,29.0,PHI,22.0,1.0,10.0,1.5,2.9,0.5,0.3,1.0,0.333,1.1,2.0,0.581,0.555,0.2,0.5,0.455,1.2,2.5,3.7,1.5,0.2,0.8,0.8,1.3,3.5
Semi Ojeleye,PF,25.0,BOS,51.0,4.0,14.9,1.0,2.5,0.395,0.5,1.6,0.35,0.5,1.0,0.469,0.504,0.5,0.5,0.889,0.4,1.5,1.9,0.5,0.4,0.1,0.2,1.1,3.0
Jahlil Okafor,C,24.0,NOP,27.0,9.0,15.6,3.3,5.3,0.611,0.0,0.1,0.5,3.2,5.3,0.613,0.615,1.4,2.1,0.638,1.7,2.6,4.3,1.3,0.3,0.7,1.3,2.3,7.9
Elie Okobo,PG,22.0,PHO,45.0,3.0,13.5,1.4,3.5,0.401,0.5,1.4,0.359,0.9,2.1,0.43,0.475,0.9,1.4,0.672,0.3,1.3,1.6,2.2,0.5,0.1,0.6,1.0,4.2
Josh Okogie,SG,21.0,MIN,51.0,17.0,24.4,2.7,6.6,0.412,0.6,2.6,0.25,2.1,4.0,0.517,0.461,2.5,3.2,0.7909999999999999,1.4,3.0,4.4,1.6,1.1,0.4,1.5,2.1,8.6
KZ Okpala,SF,20.0,MIA,5.0,0.0,5.2,0.6,1.0,0.6,0.0,0.2,0.0,0.6,0.8,0.75,0.6,0.2,0.4,0.5,0.2,0.8,1.0,0.2,0.4,0.2,0.2,0.4,1.4
Victor Oladipo,SG,27.0,IND,7.0,4.0,25.0,4.0,12.1,0.329,1.4,5.9,0.244,2.6,6.3,0.409,0.388,1.7,2.1,0.8,0.9,1.1,2.0,2.9,0.6,0.1,1.7,1.3,11.1
Kelly Olynyk,C,28.0,MIA,48.0,3.0,19.5,2.5,5.6,0.453,1.3,3.2,0.387,1.3,2.3,0.545,0.5660000000000001,1.3,1.4,0.87,0.7,3.9,4.6,1.5,0.6,0.3,1.1,2.4,7.5
Cedi Osman,SF,24.0,CLE,54.0,54.0,28.9,4.1,9.2,0.442,1.8,4.8,0.382,2.2,4.4,0.508,0.542,0.8,1.3,0.643,0.5,2.9,3.4,2.3,0.8,0.3,1.4,2.4,10.8
Kelly Oubre,SF,24.0,PHO,53.0,52.0,34.4,6.7,14.7,0.455,2.0,5.6,0.359,4.7,9.2,0.512,0.522,3.5,4.5,0.789,1.2,5.4,6.6,1.5,1.2,0.7,1.5,3.4,18.9
Tariq Owens,PF,24.0,PHO,3.0,0.0,5.0,0.3,1.7,0.2,0.0,0.7,0.0,0.3,1.0,0.333,0.2,0.7,0.7,1.0,0.7,0.3,1.0,0.0,0.3,0.0,0.0,0.3,1.3
Jeremy Pargo,PG,33.0,GSW,3.0,0.0,14.7,3.7,7.3,0.5,1.0,2.3,0.429,2.7,5.0,0.5329999999999999,0.568,0.0,0.3,0.0,0.3,0.7,1.0,2.7,0.3,0.0,1.3,2.7,8.3
Jabari Parker,PF,24.0,ATL,32.0,23.0,26.2,6.2,12.3,0.504,1.0,3.6,0.27,5.2,8.7,0.601,0.5429999999999999,1.7,2.3,0.736,1.7,4.3,6.0,1.8,1.3,0.5,1.9,2.9,15.0
Eric Paschall,PF,23.0,GSW,50.0,24.0,26.7,5.1,10.5,0.482,0.6,2.1,0.282,4.5,8.4,0.531,0.51,2.5,3.3,0.774,1.4,3.3,4.7,1.7,0.6,0.2,1.5,2.1,13.2
Anžejs Pasečņiks,C,24.0,WAS,20.0,0.0,18.5,2.7,5.1,0.529,0.0,0.1,0.0,2.7,5.0,0.54,0.529,1.6,2.5,0.62,1.9,2.9,4.7,0.9,0.4,0.5,1.1,2.9,7.0
Patrick Patterson,PF,30.0,LAC,45.0,18.0,12.8,1.6,4.0,0.399,1.1,3.0,0.373,0.5,1.0,0.477,0.539,0.6,0.8,0.794,0.6,2.0,2.6,0.6,0.1,0.1,0.3,0.9,4.9
Chris Paul,PG,34.0,OKC,54.0,54.0,31.8,6.1,12.6,0.485,1.6,4.5,0.362,4.5,8.1,0.5529999999999999,0.5489999999999999,3.6,4.0,0.898,0.4,4.7,5.0,6.7,1.6,0.1,2.1,2.3,17.4
Elfrid Payton,PG,25.0,NYK,36.0,27.0,27.4,4.3,9.9,0.43,0.4,1.6,0.237,3.9,8.3,0.468,0.449,0.8,1.6,0.536,1.2,3.5,4.7,6.9,1.7,0.4,2.0,2.1,9.7
Gary Payton,PG,27.0,WAS,23.0,17.0,17.7,1.9,4.7,0.411,0.5,1.7,0.3,1.4,2.9,0.478,0.467,0.2,0.3,0.5,1.1,2.1,3.2,2.0,1.4,0.3,0.8,2.1,4.5
Theo Pinson,SG,24.0,BRK,28.0,0.0,12.2,1.6,5.4,0.293,0.5,2.8,0.195,1.0,2.6,0.397,0.343,0.5,0.6,0.938,0.4,1.4,1.7,1.9,0.5,0.1,1.1,1.2,4.2
Mason Plumlee,C,29.0,DEN,43.0,1.0,17.4,3.0,4.9,0.605,0.0,0.1,0.0,3.0,4.8,0.617,0.605,1.5,2.7,0.5529999999999999,1.8,3.7,5.6,2.4,0.5,0.6,1.5,2.2,7.4
Vincent Poirier,C,26.0,BOS,18.0,0.0,6.0,0.8,1.7,0.467,0.1,0.1,0.5,0.7,1.6,0.464,0.483,0.3,0.4,0.857,0.5,1.3,1.8,0.4,0.1,0.3,0.3,1.2,1.9
Shamorie Ponds,PG,21.0,TOR,4.0,0.0,2.8,0.8,1.3,0.6,0.3,0.5,0.5,0.5,0.8,0.667,0.7,0.5,0.5,1.0,0.0,0.3,0.3,0.5,0.0,0.3,0.0,0.5,2.3
Jordan Poole,SG,20.0,GSW,48.0,10.0,21.5,2.5,8.5,0.295,1.2,4.6,0.265,1.3,3.9,0.33,0.366,1.6,1.9,0.8390000000000001,0.1,1.9,2.0,2.0,0.6,0.2,1.0,1.6,7.8
Kevin Porter,SF,19.0,CLE,42.0,2.0,22.7,3.7,8.1,0.459,1.0,3.0,0.34700000000000003,2.7,5.2,0.523,0.522,1.3,1.8,0.711,0.4,2.8,3.2,2.0,0.9,0.2,1.9,2.7,9.8
Michael Porter,PF,21.0,DEN,39.0,1.0,14.3,3.1,6.1,0.508,1.0,2.3,0.4320000000000001,2.1,3.8,0.5529999999999999,0.588,0.8,1.0,0.795,1.1,3.3,4.4,0.7,0.4,0.5,0.8,1.7,8.0
Otto Porter,SF,26.0,CHI,9.0,9.0,25.1,3.9,9.3,0.417,1.8,4.4,0.4,2.1,4.9,0.4320000000000001,0.512,1.7,2.2,0.75,0.9,2.6,3.4,1.6,1.0,0.3,0.8,2.2,11.2
Bobby Portis,C,24.0,NYK,55.0,4.0,20.8,3.7,8.6,0.431,1.0,2.9,0.348,2.7,5.7,0.473,0.489,1.0,1.4,0.747,1.4,3.9,5.3,1.6,0.5,0.2,1.1,1.7,9.4
Kristaps Porziņģis,PF,24.0,DAL,42.0,42.0,30.5,6.3,15.2,0.416,2.3,6.6,0.35,4.0,8.6,0.467,0.4920000000000001,3.5,4.5,0.775,1.6,7.5,9.1,1.5,0.7,1.9,1.7,3.1,18.4
Dwight Powell,C,28.0,DAL,40.0,37.0,26.5,3.7,5.7,0.638,0.3,1.0,0.256,3.4,4.8,0.716,0.659,1.9,2.8,0.667,1.9,3.8,5.7,1.5,0.9,0.6,0.9,2.6,9.4
Norman Powell,SG,26.0,TOR,38.0,17.0,28.2,5.5,11.1,0.498,2.0,5.1,0.401,3.5,6.1,0.578,0.589,2.2,2.6,0.84,0.6,3.3,3.9,1.7,1.3,0.4,1.5,2.0,15.3
Julius Randle,PF,25.0,NYK,53.0,53.0,32.8,7.2,15.9,0.455,1.0,3.9,0.264,6.2,12.0,0.517,0.488,3.8,5.3,0.7120000000000001,2.3,7.3,9.6,3.2,0.8,0.3,3.1,2.8,19.3
Cam Reddish,SF,20.0,ATL,48.0,31.0,26.0,3.2,9.0,0.353,1.3,4.1,0.316,1.9,5.0,0.382,0.424,1.6,2.1,0.7879999999999999,0.6,3.1,3.7,1.5,1.0,0.5,1.6,2.3,9.3
J.J. Redick,SG,35.0,NOP,50.0,35.0,27.2,4.9,10.7,0.454,3.0,6.6,0.458,1.8,4.1,0.449,0.596,2.9,3.2,0.9,0.2,2.5,2.6,2.0,0.4,0.2,1.2,1.6,15.7
Naz Reid,C,20.0,MIN,19.0,0.0,11.4,2.7,6.4,0.418,1.2,3.2,0.361,1.5,3.2,0.475,0.508,0.8,1.1,0.762,0.7,2.0,2.7,0.7,0.3,0.5,0.6,2.3,7.4
Josh Richardson,SG,26.0,PHI,41.0,39.0,30.8,5.4,12.3,0.4370000000000001,1.6,4.6,0.339,3.8,7.7,0.4970000000000001,0.501,2.3,2.9,0.795,0.8,2.4,3.2,3.2,0.9,0.6,2.1,2.6,14.6
Austin Rivers,SG,27.0,HOU,50.0,4.0,23.6,3.0,7.4,0.412,1.3,4.0,0.337,1.7,3.4,0.5,0.503,1.1,1.5,0.688,0.4,2.1,2.4,1.5,0.7,0.2,0.6,1.8,8.5
Duncan Robinson,SF,25.0,MIA,54.0,49.0,29.1,4.2,9.1,0.457,3.5,8.1,0.438,0.6,1.0,0.607,0.6509999999999999,0.7,0.8,0.889,0.1,3.1,3.2,1.4,0.5,0.2,0.8,2.9,12.6
Glenn Robinson,SF,26.0,TOT,50.0,48.0,30.8,5.0,10.4,0.486,1.4,3.4,0.395,3.7,6.9,0.53,0.551,1.3,1.5,0.851,1.3,3.2,4.6,1.7,0.9,0.3,1.0,1.7,12.7
Glenn Robinson,SF,26.0,GSW,48.0,48.0,31.6,5.1,10.6,0.481,1.4,3.5,0.4,3.7,7.0,0.522,0.5479999999999999,1.3,1.5,0.851,1.4,3.3,4.7,1.8,0.9,0.3,1.0,1.7,12.9
Jerome Robinson,SG,22.0,TOT,45.0,1.0,11.8,1.1,3.4,0.338,0.5,1.7,0.293,0.6,1.7,0.382,0.411,0.3,0.5,0.5710000000000001,0.1,1.5,1.6,1.1,0.3,0.2,0.6,1.4,3.0
Jerome Robinson,SG,22.0,LAC,42.0,1.0,11.3,1.1,3.2,0.338,0.5,1.6,0.284,0.6,1.6,0.391,0.408,0.3,0.5,0.579,0.1,1.3,1.4,1.1,0.3,0.2,0.6,1.3,2.9
Jerome Robinson,SG,22.0,WAS,3.0,0.0,18.3,1.7,5.0,0.333,1.0,2.7,0.375,0.7,2.3,0.28600000000000003,0.433,0.3,0.7,0.5,0.0,4.3,4.3,1.3,0.3,0.0,0.7,2.3,4.7
Rajon Rondo,PG,33.0,LAL,38.0,2.0,21.0,3.1,7.2,0.429,1.0,2.8,0.35200000000000004,2.1,4.4,0.476,0.496,0.6,0.9,0.727,0.5,2.9,3.3,5.3,0.8,0.1,2.0,1.3,7.8
Derrick Rose,PG,31.0,DET,45.0,10.0,26.2,7.4,15.1,0.49,0.9,3.0,0.306,6.5,12.1,0.536,0.521,2.4,2.8,0.8590000000000001,0.5,1.9,2.5,5.8,0.8,0.3,2.5,1.0,18.2
Terrence Ross,SG,28.0,ORL,53.0,0.0,26.8,4.5,11.8,0.387,2.2,6.9,0.322,2.3,4.8,0.48,0.482,2.0,2.4,0.8370000000000001,0.2,2.8,3.0,1.1,1.1,0.4,1.0,1.4,13.4
Terry Rozier,PG,25.0,CHO,53.0,53.0,34.2,6.2,14.9,0.418,2.6,6.8,0.385,3.6,8.2,0.445,0.505,2.7,3.2,0.868,0.8,3.7,4.5,4.1,1.0,0.2,2.4,2.1,17.8
Ricky Rubio,PG,29.0,PHO,47.0,47.0,31.3,4.3,10.7,0.401,1.1,3.2,0.338,3.2,7.5,0.428,0.451,2.6,3.1,0.8290000000000001,0.7,3.7,4.4,8.6,1.4,0.2,2.6,2.5,12.3
D'Angelo Russell,PG,23.0,TOT,35.0,35.0,32.2,8.3,19.1,0.431,3.7,9.7,0.379,4.6,9.5,0.485,0.527,3.5,4.3,0.7959999999999999,0.4,3.2,3.7,6.3,1.0,0.3,3.1,2.0,23.6
D'Angelo Russell,PG,23.0,GSW,33.0,33.0,32.1,8.3,19.2,0.43,3.6,9.7,0.374,4.6,9.5,0.487,0.524,3.4,4.4,0.785,0.4,3.3,3.7,6.2,0.9,0.3,3.1,1.9,23.6
D'Angelo Russell,PG,23.0,MIN,2.0,2.0,33.5,8.0,17.5,0.457,4.0,8.5,0.471,4.0,9.0,0.444,0.5710000000000001,4.0,4.0,1.0,0.5,2.5,3.0,8.0,1.5,0.5,4.5,2.5,24.0
Domantas Sabonis,C,23.0,IND,52.0,52.0,34.6,7.3,13.5,0.541,0.3,1.1,0.224,7.0,12.4,0.569,0.55,3.4,4.7,0.727,3.0,9.4,12.5,4.8,0.7,0.5,2.7,3.3,18.3
JaKarr Sampson,SF,26.0,IND,18.0,10.0,13.8,1.9,3.3,0.593,0.1,0.6,0.182,1.8,2.7,0.688,0.61,0.2,0.6,0.4,0.6,1.8,2.4,0.2,0.3,0.4,0.3,1.7,4.2
Dario Šarić,PF,25.0,PHO,48.0,43.0,24.8,3.6,8.1,0.442,1.2,3.9,0.314,2.4,4.3,0.5579999999999999,0.517,1.2,1.4,0.853,1.5,4.5,6.0,1.9,0.6,0.3,1.2,2.2,9.6
Tomáš Satoranský,PG,28.0,CHI,55.0,55.0,28.6,3.7,8.4,0.445,1.1,3.1,0.341,2.7,5.3,0.507,0.509,1.7,1.9,0.887,1.0,2.6,3.7,5.3,1.3,0.1,1.9,2.0,10.3
Admiral Schofield,SF,22.0,WAS,26.0,2.0,11.2,1.2,2.9,0.4,0.5,1.8,0.298,0.6,1.1,0.5710000000000001,0.493,0.3,0.5,0.6920000000000001,0.2,1.1,1.3,0.5,0.3,0.1,0.3,1.6,3.2
Dennis Schröder,PG,26.0,OKC,54.0,1.0,31.2,7.2,15.2,0.472,2.0,5.2,0.387,5.2,10.0,0.517,0.5379999999999999,2.9,3.4,0.8440000000000001,0.3,3.5,3.8,4.0,0.6,0.2,2.6,2.2,19.3
Mike Scott,PF,31.0,PHI,55.0,7.0,17.2,2.0,5.0,0.396,1.1,3.3,0.341,0.9,1.7,0.5,0.507,0.4,0.5,0.889,0.8,2.6,3.4,0.6,0.3,0.1,0.4,1.2,5.5
Thabo Sefolosha,PF,35.0,HOU,38.0,0.0,10.8,1.0,2.2,0.435,0.4,1.3,0.294,0.6,0.9,0.647,0.524,0.0,0.2,0.16699999999999998,0.6,1.8,2.4,0.6,0.5,0.3,0.4,1.1,2.4
Collin Sexton,SG,21.0,CLE,54.0,54.0,32.2,7.6,16.5,0.46,1.3,3.6,0.365,6.3,12.9,0.487,0.501,3.3,3.8,0.8590000000000001,1.0,2.2,3.2,2.7,1.0,0.1,2.2,2.1,19.8
Landry Shamet,SG,22.0,LAC,38.0,26.0,29.2,3.5,8.0,0.436,2.5,6.0,0.41,1.0,1.9,0.514,0.591,1.2,1.3,0.918,0.1,2.0,2.1,1.8,0.4,0.2,0.8,3.0,10.6
Iman Shumpert,SG,29.0,BRK,13.0,0.0,18.5,1.6,4.9,0.328,0.6,2.5,0.242,1.0,2.4,0.419,0.391,0.3,0.5,0.5710000000000001,0.7,1.9,2.6,0.9,0.9,0.2,0.8,1.6,4.2
Pascal Siakam,PF,25.0,TOR,44.0,44.0,35.0,8.8,19.1,0.458,2.1,5.8,0.362,6.6,13.3,0.5,0.513,3.9,4.8,0.802,1.2,6.4,7.5,3.5,1.0,0.9,2.4,2.8,23.5
Chris Silva,PF,23.0,MIA,37.0,0.0,7.8,1.1,1.8,0.631,0.0,0.1,0.0,1.1,1.7,0.6509999999999999,0.631,0.8,1.2,0.6890000000000001,1.4,1.4,2.8,0.5,0.2,0.5,0.8,2.0,3.1
Ben Simmons,PG,23.0,PHI,53.0,53.0,36.3,6.8,11.6,0.584,0.0,0.1,0.333,6.7,11.5,0.586,0.585,3.3,5.3,0.628,2.0,5.9,7.9,8.3,2.2,0.6,3.6,3.3,16.9
Anfernee Simons,SG,20.0,POR,55.0,4.0,22.2,3.4,8.2,0.415,1.2,3.4,0.34,2.2,4.8,0.468,0.486,1.2,1.4,0.821,0.4,2.1,2.5,1.5,0.3,0.2,1.0,2.0,9.1
Alen Smailagić,PF,19.0,GSW,12.0,0.0,9.8,1.6,3.0,0.528,0.3,0.9,0.273,1.3,2.1,0.64,0.569,1.3,1.5,0.833,0.7,1.3,2.0,0.8,0.2,0.3,0.8,1.0,4.7
Marcus Smart,SG,25.0,BOS,43.0,29.0,31.6,4.2,11.0,0.383,2.3,6.5,0.353,1.9,4.5,0.428,0.487,1.8,2.2,0.8320000000000001,0.7,2.9,3.6,4.7,1.6,0.5,1.6,2.6,12.5
Dennis Smith,PG,22.0,NYK,30.0,2.0,15.5,2.0,5.9,0.341,0.5,1.6,0.292,1.5,4.3,0.359,0.381,0.7,1.5,0.478,0.6,1.7,2.3,2.8,0.6,0.3,1.7,1.9,5.2
Ish Smith,PG,31.0,WAS,53.0,16.0,26.4,4.5,9.9,0.458,0.9,2.5,0.35600000000000004,3.6,7.3,0.494,0.504,0.8,1.2,0.672,0.5,2.7,3.2,4.7,0.8,0.4,1.3,1.4,10.8
Zhaire Smith,SG,20.0,PHI,7.0,0.0,4.6,0.4,1.6,0.273,0.0,0.4,0.0,0.4,1.1,0.375,0.273,0.3,0.6,0.5,0.0,0.3,0.3,0.3,0.4,0.0,0.3,0.6,1.1
Tony Snell,SF,28.0,DET,50.0,48.0,27.5,2.9,6.5,0.451,1.8,4.4,0.412,1.1,2.1,0.5329999999999999,0.59,0.4,0.4,1.0,0.1,1.6,1.8,1.9,0.5,0.2,0.5,1.6,8.1
Omari Spellman,PF,22.0,GSW,49.0,3.0,18.1,2.6,6.0,0.431,0.9,2.2,0.391,1.7,3.8,0.454,0.503,1.5,1.9,0.7929999999999999,1.6,2.9,4.5,1.0,0.7,0.5,1.1,1.3,7.6
Max Strus,SG,23.0,CHI,2.0,0.0,3.0,1.0,1.5,0.667,0.0,0.5,0.0,1.0,1.0,1.0,0.667,0.5,0.5,1.0,0.5,0.0,0.5,0.0,0.0,0.0,0.0,0.5,2.5
Edmond Sumner,PG,24.0,IND,20.0,2.0,13.4,1.8,4.0,0.438,0.4,1.3,0.308,1.4,2.7,0.5,0.488,0.4,0.7,0.615,0.4,1.1,1.5,1.4,0.7,0.3,0.8,1.4,4.3
Caleb Swanigan,PF,22.0,TOT,18.0,1.0,11.1,1.0,2.0,0.5,0.0,0.1,0.0,1.0,1.9,0.529,0.5,0.2,0.6,0.4,1.2,2.6,3.8,0.9,0.1,0.3,1.3,2.2,2.2
Caleb Swanigan,PF,22.0,POR,11.0,1.0,16.0,1.5,2.9,0.5,0.0,0.2,0.0,1.5,2.7,0.5329999999999999,0.5,0.3,0.7,0.375,1.7,3.8,5.5,1.3,0.1,0.4,1.5,2.9,3.2
Jayson Tatum,PF,21.0,BOS,50.0,50.0,34.1,8.1,18.3,0.443,2.6,6.9,0.382,5.5,11.5,0.48,0.515,3.6,4.4,0.813,1.0,5.9,6.9,2.9,1.4,0.9,2.2,2.1,22.4
Jeff Teague,PG,31.0,TOT,48.0,16.0,26.1,3.7,8.6,0.4320000000000001,0.8,2.1,0.37,3.0,6.5,0.452,0.477,3.1,3.6,0.871,0.4,2.1,2.5,5.7,0.8,0.3,2.1,1.9,11.3
Jeff Teague,PG,31.0,MIN,34.0,13.0,27.8,4.3,9.5,0.448,1.0,2.6,0.379,3.3,7.0,0.473,0.498,3.7,4.2,0.868,0.4,2.1,2.6,6.1,0.7,0.4,2.2,2.1,13.2
Jeff Teague,PG,31.0,ATL,14.0,3.0,21.9,2.4,6.4,0.378,0.3,0.9,0.308,2.1,5.5,0.39,0.4,1.7,1.9,0.889,0.4,1.9,2.3,4.8,1.0,0.2,1.7,1.5,6.9
Garrett Temple,SG,33.0,BRK,48.0,31.0,28.2,3.6,9.5,0.375,2.0,6.3,0.326,1.5,3.2,0.471,0.482,1.0,1.4,0.754,0.5,2.8,3.3,2.5,0.8,0.4,1.1,1.8,10.2
Daniel Theis,C,27.0,BOS,48.0,47.0,22.9,3.4,6.2,0.547,0.4,1.4,0.308,3.0,4.8,0.615,0.581,1.2,1.6,0.718,2.1,4.1,6.2,1.6,0.7,1.4,0.8,3.4,8.3
Isaiah Thomas,PG,30.0,WAS,40.0,37.0,23.1,4.4,10.7,0.408,2.0,4.7,0.413,2.4,5.9,0.405,0.5,1.6,1.9,0.816,0.3,1.4,1.7,3.7,0.3,0.2,1.9,1.9,12.2
Matt Thomas,SG,25.0,TOR,24.0,0.0,10.4,1.6,3.3,0.488,1.1,2.3,0.481,0.5,1.1,0.5,0.65,0.2,0.3,0.7140000000000001,0.2,1.2,1.4,0.5,0.3,0.0,0.3,0.9,4.5
Tristan Thompson,C,28.0,CLE,50.0,48.0,30.6,5.1,9.9,0.512,0.1,0.3,0.5,4.9,9.6,0.513,0.519,1.8,2.9,0.639,4.1,6.2,10.3,2.1,0.6,0.9,1.9,2.2,12.1
Matisse Thybulle,SG,22.0,PHI,47.0,10.0,20.3,1.7,4.2,0.408,1.0,2.7,0.373,0.7,1.5,0.471,0.528,0.5,0.8,0.649,0.5,1.0,1.6,1.2,1.4,0.9,0.9,2.3,4.9
Anthony Tolliver,PF,34.0,TOT,42.0,9.0,15.1,1.1,3.2,0.343,0.8,2.5,0.308,0.3,0.7,0.467,0.463,0.3,0.5,0.667,0.7,2.2,2.9,0.8,0.3,0.2,0.6,1.4,3.3
Anthony Tolliver,PF,34.0,POR,33.0,9.0,16.8,1.3,3.5,0.368,0.9,2.7,0.337,0.4,0.8,0.464,0.496,0.4,0.6,0.684,0.8,2.5,3.3,0.9,0.2,0.3,0.6,1.6,3.9
Anthony Tolliver,PF,34.0,SAC,9.0,0.0,9.1,0.3,1.9,0.17600000000000002,0.2,1.7,0.133,0.1,0.2,0.5,0.235,0.1,0.2,0.5,0.2,1.0,1.2,0.3,0.4,0.1,0.4,0.7,1.0
Karl-Anthony Towns,C,24.0,MIN,35.0,35.0,33.9,9.0,17.8,0.508,3.3,7.9,0.412,5.8,9.9,0.586,0.6,5.1,6.5,0.7959999999999999,2.7,8.1,10.8,4.4,0.9,1.2,3.1,3.3,26.5
Gary Trent,SG,21.0,POR,43.0,2.0,17.8,2.5,5.7,0.429,1.5,3.6,0.404,1.0,2.1,0.473,0.557,0.4,0.5,0.905,0.4,1.1,1.5,0.9,0.7,0.2,0.3,1.3,6.8
Allonzo Trier,PG,24.0,NYK,20.0,1.0,12.3,1.9,4.3,0.435,0.8,2.3,0.326,1.1,2.0,0.564,0.524,1.6,2.0,0.795,0.2,1.1,1.3,1.2,0.1,0.2,1.0,1.2,6.0
P.J. Tucker,PF,34.0,HOU,54.0,54.0,34.9,2.6,6.0,0.435,1.5,4.0,0.364,1.1,2.0,0.579,0.557,0.7,0.8,0.841,1.5,5.4,7.0,1.6,1.2,0.4,1.1,3.4,7.4
Rayjon Tucker,SG,22.0,UTA,12.0,0.0,6.2,0.7,1.6,0.421,0.0,0.5,0.0,0.7,1.1,0.615,0.421,0.3,0.4,0.6,0.2,0.8,0.9,0.2,0.1,0.0,0.3,0.6,1.6
Evan Turner,PG,31.0,ATL,19.0,0.0,13.2,1.3,3.5,0.373,0.0,0.3,0.0,1.3,3.3,0.403,0.373,0.6,0.7,0.857,0.4,1.6,2.0,2.0,0.5,0.4,1.4,1.1,3.3
Myles Turner,C,23.0,IND,45.0,45.0,29.1,4.2,9.3,0.451,1.4,4.2,0.344,2.7,5.1,0.539,0.529,2.1,2.7,0.764,1.2,5.0,6.1,1.2,0.7,1.9,1.3,2.5,11.9
Jonas Valančiūnas,C,27.0,MEM,51.0,51.0,26.0,6.3,10.7,0.5870000000000001,0.5,1.4,0.375,5.7,9.3,0.619,0.612,1.8,2.5,0.722,2.8,7.7,10.5,1.9,0.4,1.2,1.8,2.7,14.9
Denzel Valentine,SF,26.0,CHI,30.0,0.0,12.2,2.2,5.5,0.402,1.2,3.4,0.35600000000000004,1.0,2.1,0.476,0.512,0.2,0.2,1.0,0.1,1.8,1.9,1.1,0.7,0.2,0.7,1.3,5.8
Jarred Vanderbilt,SF-PF,20.0,TOT,11.0,0.0,4.2,0.5,0.7,0.625,0.0,0.1,0.0,0.5,0.6,0.7140000000000001,0.625,0.2,0.2,1.0,0.3,0.5,0.8,0.2,0.3,0.1,0.6,0.5,1.1
Fred VanVleet,PG,25.0,TOR,45.0,45.0,36.0,6.1,14.7,0.412,2.8,7.0,0.396,3.3,7.8,0.4270000000000001,0.506,3.1,3.7,0.8420000000000001,0.4,3.3,3.7,6.8,1.9,0.3,2.3,2.3,18.0
Noah Vonleh,C-PF,24.0,TOT,30.0,1.0,12.0,1.6,2.9,0.552,0.1,0.5,0.2,1.5,2.4,0.625,0.569,0.8,1.0,0.8,1.2,2.8,4.0,0.9,0.4,0.2,0.7,1.3,4.1
Noah Vonleh,C,24.0,MIN,29.0,1.0,12.0,1.6,3.0,0.547,0.1,0.5,0.14300000000000002,1.6,2.5,0.625,0.5579999999999999,0.8,1.0,0.821,1.2,2.8,4.0,0.9,0.4,0.2,0.7,1.2,4.1
Nikola Vučević,C,29.0,ORL,44.0,44.0,32.2,7.6,16.6,0.458,1.7,4.9,0.344,5.9,11.7,0.506,0.509,2.0,2.6,0.7759999999999999,2.6,8.2,10.8,3.7,0.9,0.9,1.5,2.3,19.0
Dean Wade,PF,23.0,CLE,10.0,0.0,5.4,0.7,1.0,0.7,0.2,0.3,0.667,0.5,0.7,0.7140000000000001,0.8,0.0,0.1,0.0,0.2,1.4,1.6,0.1,0.2,0.3,0.3,0.7,1.6
Moritz Wagner,C,22.0,WAS,26.0,4.0,20.3,4.4,7.4,0.591,0.9,2.4,0.365,3.5,5.0,0.7,0.65,1.7,2.2,0.7859999999999999,1.4,4.3,5.7,1.3,0.7,0.6,1.9,3.7,11.3
Dion Waiters,SG,28.0,MIA,3.0,0.0,14.0,3.3,8.7,0.385,2.7,5.7,0.471,0.7,3.0,0.222,0.5379999999999999,0.0,0.3,0.0,0.0,3.7,3.7,1.0,0.0,0.7,1.0,1.7,9.3
Kemba Walker,PG,29.0,BOS,46.0,46.0,32.2,7.2,16.8,0.429,3.4,8.7,0.388,3.8,8.1,0.474,0.53,3.9,4.5,0.866,0.7,3.4,4.1,5.0,1.0,0.5,2.1,1.6,21.8
Lonnie Walker,SG,21.0,SAS,46.0,3.0,13.8,2.2,5.1,0.438,0.5,1.3,0.387,1.7,3.7,0.456,0.489,0.8,1.1,0.706,0.4,1.7,2.0,0.7,0.5,0.2,0.6,1.2,5.7
Tyrone Wallace,SG,25.0,ATL,14.0,0.0,11.4,1.0,3.1,0.318,0.1,1.1,0.067,0.9,2.1,0.448,0.33,0.8,1.2,0.647,0.2,1.4,1.6,0.9,0.5,0.1,0.7,1.4,2.9
Taurean Waller-Prince,SF,25.0,BRK,53.0,53.0,29.7,4.5,11.7,0.383,2.4,6.9,0.35,2.1,4.8,0.43,0.486,1.0,1.3,0.775,0.8,5.4,6.2,2.0,0.9,0.4,2.0,2.4,12.4
Derrick Walton,PG,24.0,LAC,23.0,1.0,9.7,0.7,1.6,0.472,0.4,0.9,0.429,0.3,0.7,0.5329999999999999,0.597,0.3,0.4,0.778,0.1,0.6,0.7,1.0,0.2,0.0,0.2,0.8,2.2
Brad Wanamaker,PG,30.0,BOS,53.0,0.0,18.8,2.2,5.2,0.429,0.5,1.5,0.377,1.7,3.7,0.449,0.482,1.7,1.8,0.917,0.2,1.7,2.0,2.7,0.7,0.2,1.1,1.8,6.6
T.J. Warren,SF,26.0,IND,52.0,52.0,32.3,7.4,14.0,0.53,1.1,2.9,0.373,6.3,11.1,0.5720000000000001,0.569,2.6,3.2,0.7979999999999999,0.9,2.8,3.7,1.4,1.2,0.5,1.2,2.7,18.5
P.J. Washington,PF,21.0,CHO,47.0,46.0,30.1,4.4,9.6,0.463,1.3,3.3,0.376,3.2,6.3,0.51,0.529,1.5,2.3,0.655,0.9,4.6,5.5,2.0,0.9,0.8,1.6,2.8,11.7
Yuta Watanabe,SG,25.0,MEM,9.0,0.0,5.4,0.7,1.6,0.429,0.2,0.4,0.5,0.4,1.1,0.4,0.5,0.2,0.4,0.5,0.1,0.8,0.9,0.1,0.1,0.1,0.1,0.6,1.8
Tremont Waters,PG,22.0,BOS,9.0,0.0,8.1,1.1,3.1,0.35700000000000004,0.2,1.7,0.133,0.9,1.4,0.615,0.393,0.7,0.7,1.0,0.0,0.8,0.8,1.1,0.6,0.2,0.9,1.1,3.1
Paul Watson,SF-SG,25.0,TOT,4.0,0.0,5.5,0.0,1.8,0.0,0.0,0.8,0.0,0.0,1.0,0.0,0.0,0.3,0.5,0.5,0.0,0.8,0.8,1.0,0.3,0.0,0.0,0.3,0.3
Russell Westbrook,PG,31.0,HOU,45.0,45.0,36.0,10.5,22.7,0.463,1.0,4.0,0.238,9.6,18.7,0.512,0.484,5.2,6.6,0.785,1.6,6.4,8.0,7.2,1.6,0.4,4.4,3.6,27.2
Coby White,SG,19.0,CHI,55.0,0.0,24.3,4.1,10.9,0.37,1.8,5.3,0.338,2.3,5.7,0.401,0.452,1.2,1.7,0.747,0.5,3.0,3.5,2.4,0.7,0.1,1.5,1.7,11.1
Derrick White,SG,25.0,SAS,52.0,11.0,23.8,3.5,7.6,0.458,0.9,2.6,0.358,2.6,5.0,0.51,0.519,2.3,2.7,0.8490000000000001,0.5,2.6,3.1,3.4,0.6,0.8,1.2,2.1,10.2
Hassan Whiteside,C,30.0,POR,51.0,51.0,30.8,6.5,10.6,0.613,0.0,0.1,0.5,6.5,10.5,0.613,0.614,2.7,3.8,0.71,4.0,10.1,14.1,1.2,0.4,3.0,1.9,3.0,15.7
Andrew Wiggins,SF-SG,24.0,TOT,45.0,45.0,34.5,8.3,18.4,0.451,2.2,6.4,0.341,6.1,12.0,0.509,0.51,3.6,5.1,0.7190000000000001,1.1,4.0,5.0,3.7,0.8,0.9,2.6,2.4,22.5
Andrew Wiggins,SF,24.0,MIN,42.0,42.0,34.6,8.4,18.8,0.444,2.2,6.5,0.331,6.2,12.3,0.505,0.502,3.5,4.9,0.72,1.1,4.1,5.2,3.7,0.7,0.9,2.5,2.4,22.4
Andrew Wiggins,SG,24.0,GSW,3.0,3.0,33.0,7.7,13.3,0.575,2.7,5.0,0.5329999999999999,5.0,8.3,0.6,0.675,5.0,7.0,0.7140000000000001,0.3,2.3,2.7,4.0,2.3,1.7,2.7,2.3,23.0
Grant Williams,PF,21.0,BOS,52.0,4.0,15.6,1.4,3.2,0.43,0.4,1.3,0.28600000000000003,1.0,1.8,0.537,0.491,0.7,0.9,0.7140000000000001,1.0,1.7,2.7,1.1,0.4,0.6,0.8,2.4,3.8
Johnathan Williams,C,24.0,WAS,11.0,5.0,12.3,1.5,2.3,0.64,0.0,0.2,0.0,1.5,2.1,0.696,0.64,0.3,0.5,0.6,1.4,2.5,3.9,0.5,0.1,0.5,0.4,1.0,3.2
Kenrich Williams,PF,25.0,NOP,35.0,18.0,22.3,1.4,4.1,0.343,0.7,2.7,0.26,0.7,1.3,0.511,0.43,0.3,0.7,0.375,1.4,3.7,5.1,1.5,0.7,0.6,0.6,2.3,3.8
Lou Williams,SG,33.0,LAC,52.0,8.0,30.0,6.4,15.4,0.412,1.8,5.1,0.35,4.6,10.3,0.443,0.47,5.0,5.8,0.863,0.4,2.7,3.1,5.9,0.6,0.2,2.9,1.4,19.5
Marvin Williams,PF,33.0,TOT,42.0,1.0,19.7,2.3,5.1,0.453,1.1,2.8,0.378,1.2,2.3,0.547,0.5579999999999999,1.1,1.2,0.865,0.4,2.3,2.7,1.0,0.6,0.5,0.6,1.8,6.8
Marvin Williams,PF,33.0,CHO,41.0,1.0,19.7,2.3,5.1,0.448,1.1,2.9,0.376,1.2,2.3,0.5379999999999999,0.552,1.0,1.2,0.86,0.4,2.3,2.7,1.0,0.6,0.5,0.6,1.7,6.7
Marvin Williams,PF,33.0,MIL,1.0,0.0,20.0,3.0,4.0,0.75,1.0,2.0,0.5,2.0,2.0,1.0,0.875,2.0,2.0,1.0,1.0,3.0,4.0,0.0,0.0,0.0,0.0,3.0,9.0
Nigel Williams-Goss,PG,25.0,UTA,9.0,0.0,3.1,0.1,0.8,0.14300000000000002,0.0,0.2,0.0,0.1,0.6,0.2,0.14300000000000002,0.2,0.2,1.0,0.2,0.3,0.6,0.6,0.1,0.1,0.2,0.2,0.4
Zion Williamson,PF,19.0,NOP,10.0,10.0,27.4,8.3,14.4,0.5760000000000001,0.4,1.1,0.364,7.9,13.3,0.594,0.59,5.1,7.8,0.654,3.5,4.0,7.5,2.2,0.7,0.4,2.8,1.7,22.1
D.J. Wilson,PF,23.0,MIL,26.0,0.0,9.0,1.2,3.0,0.405,0.4,1.7,0.244,0.8,1.3,0.618,0.475,0.2,0.3,0.7140000000000001,0.2,1.8,2.0,0.7,0.0,0.2,0.5,0.8,3.1
Justise Winslow,SF,23.0,MIA,11.0,5.0,32.0,4.5,11.7,0.388,0.5,2.5,0.222,4.0,9.3,0.431,0.411,1.6,2.5,0.667,1.5,5.2,6.6,4.0,0.6,0.5,2.2,3.5,11.3
Christian Wood,PF,24.0,DET,53.0,5.0,19.1,3.9,6.9,0.565,0.8,2.0,0.385,3.2,5.0,0.636,0.62,2.6,3.5,0.738,1.5,4.3,5.7,0.8,0.5,0.8,1.2,1.4,11.2
Delon Wright,SG,27.0,DAL,53.0,4.0,21.1,2.7,5.9,0.463,0.6,1.8,0.366,2.1,4.2,0.505,0.518,1.2,1.5,0.772,1.1,2.7,3.8,3.4,1.1,0.3,0.9,1.3,7.3
Thaddeus Young,PF,31.0,CHI,54.0,10.0,24.0,4.0,9.0,0.441,1.1,3.3,0.339,2.9,5.7,0.5,0.503,0.6,1.1,0.586,1.4,3.3,4.7,1.7,1.2,0.3,1.6,2.0,9.7
Trae Young,PG,21.0,ATL,50.0,50.0,35.2,9.2,20.7,0.443,3.5,9.4,0.369,5.7,11.3,0.505,0.527,7.8,9.2,0.852,0.6,3.8,4.4,9.2,1.2,0.1,4.9,1.7,29.7
Cody Zeller,C,27.0,CHO,50.0,31.0,23.1,4.3,8.5,0.511,0.3,1.4,0.243,4.0,7.1,0.564,0.531,2.0,2.9,0.688,2.8,4.3,7.1,1.5,0.7,0.5,1.3,2.5,11.0
Ivica Zubac,C,22.0,LAC,55.0,53.0,17.8,3.2,5.3,0.602,0.0,0.0,0.0,3.2,5.3,0.606,0.602,1.6,2.2,0.733,2.5,4.5,7.0,1.1,0.2,1.0,0.9,2.4,8.0
